Title,Description,Link,Media URL,Pinterest Board
DIY Mobile Bar Cart Plans | Foldable Serving Station (PDF Download) | Step-by-Step PDF,Create your own professional Custom Food Cart with this detailed DIY Cart digital plan. This modern Mobile Bar design allows you to build a beautiful and practical serving station that can be used as  ✅ Includes: DIY_Cart | Party_cart | wedding_cart. Instant PDF download — Easy friendly. #outdoorfurniture #backyardideas #diyoutdoor #pergolaplans #deckideas #patio #outdoorliving #backyard #diywoodworking #woodworkingplans #outdoordiy #gardendesign #deckdecor #patiodesign #backyarddiy #outdoorproj,https://eleswooddesigns.com/products/diy-mobile-bar-cart-plans-foldable-serving-station-pdf-download/,https://eleswooddesigns.com/api/pin/diy-mobile-bar-cart-plans-foldable-serving-station-pdf-download/pin.jpg,DIY Outdoor Woodworking Plans
Build Your Own DIY Mobile Bar Cart Plans — Outdoor PDF Plans | Instant Download,70% OFF TODAY ONLY! Create your own professional Custom Food Cart with this detailed DIY Cart digital plan. This modern Mobile Bar design allows you to build a beautiful and practical serving station that can be used as  Get the complete step-by-step woodworking blueprint for only $8.40. Instant digital download. 💛 Save this pin to build later! #outdoorfurniture #backyardideas #diyoutdoor #pergolaplans #deckideas #patio #outdoorliving #backyard #diywoodworking #woodworkingplans #outdoordiy #gar,https://eleswooddesigns.com/products/diy-mobile-bar-cart-plans-foldable-serving-station-pdf-download/,https://i.etsystatic.com/53333782/r/il/44b40b/7804616668/il_fullxfull.7804616668_15jp.jpg,DIY Woodworking Plans
DIY Mobile Bar Cart Plans Woodworking Plans — Only $8.40 | Beginner Friendly PDF,"This DIY project is one of our most-saved pins! Create your own professional Custom Food Cart with this detailed DIY Cart digital plan. This modern Mobile Bar design allows you to build a beautiful and practical serving station that can be used as  Download the full plans for $8.40 — includes cut list, 3D diagrams & material list. 📌 Save & share with your woodworking friends! #outdoorfurniture #backyardideas #diyoutdoor #pergolaplans #deckideas #patio #outdoorliving #backyard #diywoodworking #w",https://eleswooddesigns.com/products/diy-mobile-bar-cart-plans-foldable-serving-station-pdf-download/,https://i.etsystatic.com/53333782/r/il/12445c/7835134569/il_fullxfull.7835134569_bzj6.jpg,Backyard DIY Projects
DIY Rainwater Collection System Plans | IBC Tote Enclosure Blueprint (PDF Download) | Step-by-Step P,Harvest rainwater and keep your garden thriving. This DIY rainwater collection system plan and rainwater harvesting blueprint shows you how to build a heavy-duty wooden IBC tote enclosure that hides t ✅ Includes: Rainwater_Harvesting | Rain_Barrel_Stand | IBC_Tote_Enclosure. Instant PDF download — Medium friendly. #diyfurniture #woodworkingplans #diywoodworking #furnitureplans #handmadefurniture #woodwork #buildyourown #diyprojects #homemade #woodworking #furnitureideas #diyhome #woodworkingproj,https://eleswooddesigns.com/products/diy-rainwater-collection-system-plans-ibc-tote-enclosure-blueprint-pdf-download/,https://eleswooddesigns.com/api/pin/diy-rainwater-collection-system-plans-ibc-tote-enclosure-blueprint-pdf-download/pin.jpg,DIY Woodworking Plans
Build Your Own DIY Rainwater Collection System Plans — Furniture PDF Plans | Instant Download,70% OFF TODAY ONLY! Harvest rainwater and keep your garden thriving. This DIY rainwater collection system plan and rainwater harvesting blueprint shows you how to build a heavy-duty wooden IBC tote enclosure that hides t Get the complete step-by-step woodworking blueprint for only $7.35. Instant digital download. 💛 Save this pin to build later! #diyfurniture #woodworkingplans #diywoodworking #furnitureplans #handmadefurniture #woodwork #buildyourown #diyprojects #homemade #woodworking #furnitur,https://eleswooddesigns.com/products/diy-rainwater-collection-system-plans-ibc-tote-enclosure-blueprint-pdf-download/,https://i.etsystatic.com/53333782/r/il/c62afc/8325102272/il_fullxfull.8325102272_i2t1.jpg,DIY Furniture Plans
DIY Rainwater Collection System Plans Woodworking Plans — Only $7.35 | Beginner Friendly PDF,"This DIY project is one of our most-saved pins! Harvest rainwater and keep your garden thriving. This DIY rainwater collection system plan and rainwater harvesting blueprint shows you how to build a heavy-duty wooden IBC tote enclosure that hides t Download the full plans for $7.35 — includes cut list, 3D diagrams & material list. 📌 Save & share with your woodworking friends! #diyfurniture #woodworkingplans #diywoodworking #furnitureplans #handmadefurniture #woodwork #buildyourown #diyprojects ",https://eleswooddesigns.com/products/diy-rainwater-collection-system-plans-ibc-tote-enclosure-blueprint-pdf-download/,https://i.etsystatic.com/53333782/r/il/ee83b4/8372995961/il_fullxfull.8372995961_dx5r.jpg,Woodworking Projects for Beginners
DIY Pergola Swing Chair Plans | Free Standing Arbor Swing Frame & Porch Bench Woodworking  | Step-by,Build a stunning pergola swing chair for your backyard with these complete woodworking plans — a free standing swing that combines classic arbor swing frame construction with modern porch swing comfor ✅ Includes: pergola_swing_chair | outdoor_swing_plans | free_standing_swing. Instant PDF download — Easy friendly. #outdoorfurniture #backyardideas #diyoutdoor #pergolaplans #deckideas #patio #outdoorliving #backyard #diywoodworking #woodworkingplans #outdoordiy #gardendesign #deckdecor #patiodesig,https://eleswooddesigns.com/products/diy-pergola-swing-chair-plans-free-standing-arbor-swing-frame-porch-bench-woodworking-pdf/,https://eleswooddesigns.com/api/pin/diy-pergola-swing-chair-plans-free-standing-arbor-swing-frame-porch-bench-woodworking-pdf/pin.jpg,DIY Outdoor Woodworking Plans
Build Your Own DIY Pergola Swing Chair Plans — Outdoor PDF Plans | Instant Download,70% OFF TODAY ONLY! Build a stunning pergola swing chair for your backyard with these complete woodworking plans — a free standing swing that combines classic arbor swing frame construction with modern porch swing comfor Get the complete step-by-step woodworking blueprint for only $6.15. Instant digital download. 💛 Save this pin to build later! #outdoorfurniture #backyardideas #diyoutdoor #pergolaplans #deckideas #patio #outdoorliving #backyard #diywoodworking #woodworkingplans #outdoordiy #gar,https://eleswooddesigns.com/products/diy-pergola-swing-chair-plans-free-standing-arbor-swing-frame-porch-bench-woodworking-pdf/,https://i.etsystatic.com/53333782/r/il/9e04b6/8481255595/il_fullxfull.8481255595_pw1h.jpg,DIY Woodworking Plans
DIY Pergola Swing Chair Plans Woodworking Plans — Only $6.15 | Beginner Friendly PDF,"This DIY project is one of our most-saved pins! Build a stunning pergola swing chair for your backyard with these complete woodworking plans — a free standing swing that combines classic arbor swing frame construction with modern porch swing comfor Download the full plans for $6.15 — includes cut list, 3D diagrams & material list. 📌 Save & share with your woodworking friends! #outdoorfurniture #backyardideas #diyoutdoor #pergolaplans #deckideas #patio #outdoorliving #backyard #diywoodworking #w",https://eleswooddesigns.com/products/diy-pergola-swing-chair-plans-free-standing-arbor-swing-frame-porch-bench-woodworking-pdf/,https://i.etsystatic.com/53333782/r/il/97f64a/7901226340/il_fullxfull.7901226340_sd8q.jpg,Backyard DIY Projects
DIY Collapsible Charcuterie Cart Plans: Mobile Bar Cart (PDF) | Step-by-Step PDF,"Build your own DIY collapsible charcuterie cart with these step-by-step cart plans for woodworking enthusiasts. Perfect for anyone who loves woodworking, this guide shows you how to create a foldable, ✅ Includes: DIY_Cart | Party_cart | wedding_cart. Instant PDF download — Easy friendly. #outdoorfurniture #backyardideas #diyoutdoor #pergolaplans #deckideas #patio #outdoorliving #backyard #diywoodworking #woodworkingplans #outdoordiy #gardendesign #deckdecor #patiodesign #backyarddiy #outdoorproj",https://eleswooddesigns.com/products/diy-collapsible-charcuterie-cart-plans-mobile-bar-cart-pdf/,https://eleswooddesigns.com/api/pin/diy-collapsible-charcuterie-cart-plans-mobile-bar-cart-pdf/pin.jpg,DIY Outdoor Woodworking Plans
Build Your Own DIY Collapsible Charcuterie Cart Plans — Outdoor PDF Plans | Instant Download,"70% OFF TODAY ONLY! Build your own DIY collapsible charcuterie cart with these step-by-step cart plans for woodworking enthusiasts. Perfect for anyone who loves woodworking, this guide shows you how to create a foldable, Get the complete step-by-step woodworking blueprint for only $7.80. Instant digital download. 💛 Save this pin to build later! #outdoorfurniture #backyardideas #diyoutdoor #pergolaplans #deckideas #patio #outdoorliving #backyard #diywoodworking #woodworkingplans #outdoordiy #gar",https://eleswooddesigns.com/products/diy-collapsible-charcuterie-cart-plans-mobile-bar-cart-pdf/,https://i.etsystatic.com/53333782/r/il/1e1781/7915247032/il_fullxfull.7915247032_6egf.jpg,DIY Woodworking Plans
DIY Collapsible Charcuterie Cart Plans Woodworking Plans — Only $7.80 | Beginner Friendly PDF,"This DIY project is one of our most-saved pins! Build your own DIY collapsible charcuterie cart with these step-by-step cart plans for woodworking enthusiasts. Perfect for anyone who loves woodworking, this guide shows you how to create a foldable, Download the full plans for $7.80 — includes cut list, 3D diagrams & material list. 📌 Save & share with your woodworking friends! #outdoorfurniture #backyardideas #diyoutdoor #pergolaplans #deckideas #patio #outdoorliving #backyard #diywoodworking #w",https://eleswooddesigns.com/products/diy-collapsible-charcuterie-cart-plans-mobile-bar-cart-pdf/,https://i.etsystatic.com/53333782/r/il/6275aa/7915247054/il_fullxfull.7915247054_eiq8.jpg,Backyard DIY Projects
"Portable Charcuterie Cart DIY Plans: Folding Bar, Coffee, Vendor Cart (PDF) | Step-by-Step PDF","Build Your Own Portable Charcuterie & Food Cart – DIY Digital Plans (PDF Download) Craft the ultimate serving cart for events, weddings, or markets with this Portable Charcuterie Cart Plan! Designed f ✅ Includes: Custom_food_cart | Charcuterie_cart | Foldable_cart. Instant PDF download — Easy friendly. #diyfurniture #woodworkingplans #diywoodworking #furnitureplans #handmadefurniture #woodwork #buildyourown #diyprojects #homemade #woodworking #furnitureideas #diyhome #woodworkingproject #craftsm",https://eleswooddesigns.com/products/portable-charcuterie-cart-diy-plans-folding-bar-coffee-vendor-cart-pdf/,https://eleswooddesigns.com/api/pin/portable-charcuterie-cart-diy-plans-folding-bar-coffee-vendor-cart-pdf/pin.jpg,DIY Woodworking Plans
Build Your Own Portable Charcuterie Cart DIY Plans — Furniture PDF Plans | Instant Download,"70% OFF TODAY ONLY! Build Your Own Portable Charcuterie & Food Cart – DIY Digital Plans (PDF Download) Craft the ultimate serving cart for events, weddings, or markets with this Portable Charcuterie Cart Plan! Designed f Get the complete step-by-step woodworking blueprint for only $8.10. Instant digital download. 💛 Save this pin to build later! #diyfurniture #woodworkingplans #diywoodworking #furnitureplans #handmadefurniture #woodwork #buildyourown #diyprojects #homemade #woodworking #furnitur",https://eleswooddesigns.com/products/portable-charcuterie-cart-diy-plans-folding-bar-coffee-vendor-cart-pdf/,https://i.etsystatic.com/53333782/r/il/e1d7df/7229359772/il_fullxfull.7229359772_l4jp.jpg,DIY Furniture Plans
Portable Charcuterie Cart DIY Plans Woodworking Plans — Only $8.10 | Beginner Friendly PDF,"This DIY project is one of our most-saved pins! Build Your Own Portable Charcuterie & Food Cart – DIY Digital Plans (PDF Download) Craft the ultimate serving cart for events, weddings, or markets with this Portable Charcuterie Cart Plan! Designed f Download the full plans for $8.10 — includes cut list, 3D diagrams & material list. 📌 Save & share with your woodworking friends! #diyfurniture #woodworkingplans #diywoodworking #furnitureplans #handmadefurniture #woodwork #buildyourown #diyprojects ",https://eleswooddesigns.com/products/portable-charcuterie-cart-diy-plans-folding-bar-coffee-vendor-cart-pdf/,https://i.etsystatic.com/53333782/r/il/810850/7277326009/il_fullxfull.7277326009_pbu9.jpg,Woodworking Projects for Beginners
Printable American Mahjong Tiles PDF | NMJL Compatible Color & BW (Digital Download) | Step-by-Step ,"Get the most complete Printable American Mahjong Tiles set available — in both full color AND black & white. This NMJL-compatible practice tile PDF gives you everything you need to learn, teach, or ru ✅ Includes: Mahjong_PDF_Download | Digital_Mahjong_Set | Mahjong_Learning. Instant PDF download — Medium friendly. #printable #instantdownload #digitaldowload #diycraft #homedecor #printabledecor #diyprintable #freeprintable #partyprintable #digitalcraft #craftideas #papercraft #printabledesign #ho",https://eleswooddesigns.com/products/printable-american-mahjong-tiles-pdf-nmjl-compatible-color-bw-digital-download/,https://eleswooddesigns.com/api/pin/printable-american-mahjong-tiles-pdf-nmjl-compatible-color-bw-digital-download/pin.jpg,Printable Games & Digital Crafts
Build Your Own Printable American Mahjong Tiles PDF — Digital PDF Plans | Instant Download,"70% OFF TODAY ONLY! Get the most complete Printable American Mahjong Tiles set available — in both full color AND black & white. This NMJL-compatible practice tile PDF gives you everything you need to learn, teach, or ru Get the complete step-by-step woodworking blueprint for only $2.40. Instant digital download. 💛 Save this pin to build later! #printable #instantdownload #digitaldowload #diycraft #homedecor #printabledecor #diyprintable #freeprintable #partyprintable #digitalcraft #craftideas ",https://eleswooddesigns.com/products/printable-american-mahjong-tiles-pdf-nmjl-compatible-color-bw-digital-download/,https://i.etsystatic.com/53333782/r/il/d2947f/8051497855/il_fullxfull.8051497855_ce9c.jpg,DIY Woodworking Plans
Printable American Mahjong Tiles PDF Woodworking Plans — Only $2.40 | Beginner Friendly PDF,"This DIY project is one of our most-saved pins! Get the most complete Printable American Mahjong Tiles set available — in both full color AND black & white. This NMJL-compatible practice tile PDF gives you everything you need to learn, teach, or ru Download the full plans for $2.40 — includes cut list, 3D diagrams & material list. 📌 Save & share with your woodworking friends! #printable #instantdownload #digitaldowload #diycraft #homedecor #printabledecor #diyprintable #freeprintable #partyprin",https://eleswooddesigns.com/products/printable-american-mahjong-tiles-pdf-nmjl-compatible-color-bw-digital-download/,https://i.etsystatic.com/53333782/r/il/fa8f31/8051506835/il_fullxfull.8051506835_93e6.jpg,Instant Download Printables
"Customizable Wholesale Club Font SVG Pack: Birthday, Welcome, Signature Designs (Digital F | Step-by","Unleash Your Creativity with Our Customizable Costco Font Digital Pack! Elevate your DIY projects, personalized gifts, and small business branding with our versatile collection of Costco-inspired font ✅ Includes: Costco_Food_Court | costco | costco_sign. Instant PDF download — Easy friendly. #printable #instantdownload #digitaldowload #diycraft #homedecor #printabledecor #diyprintable #freeprintable #partyprintable #digitalcraft #craftideas #papercraft #printabledesign #homedecoration #walldecor",https://eleswooddesigns.com/products/customizable-wholesale-club-font-svg-pack-birthday-welcome-signature-designs-digital-files/,https://eleswooddesigns.com/api/pin/customizable-wholesale-club-font-svg-pack-birthday-welcome-signature-designs-digital-files/pin.jpg,Printable Games & Digital Crafts
Build Your Own Customizable Wholesale Club Font SVG Pack — Digital PDF Plans | Instant Download,"70% OFF TODAY ONLY! Unleash Your Creativity with Our Customizable Costco Font Digital Pack! Elevate your DIY projects, personalized gifts, and small business branding with our versatile collection of Costco-inspired font Get the complete step-by-step woodworking blueprint for only $3.45. Instant digital download. 💛 Save this pin to build later! #printable #instantdownload #digitaldowload #diycraft #homedecor #printabledecor #diyprintable #freeprintable #partyprintable #digitalcraft #craftideas ",https://eleswooddesigns.com/products/customizable-wholesale-club-font-svg-pack-birthday-welcome-signature-designs-digital-files/,https://i.etsystatic.com/53333782/r/il/e35d05/7158240761/il_fullxfull.7158240761_cfni.jpg,DIY Woodworking Plans
Customizable Wholesale Club Font SVG Pack Woodworking Plans — Only $3.45 | Beginner Friendly PDF,"This DIY project is one of our most-saved pins! Unleash Your Creativity with Our Customizable Costco Font Digital Pack! Elevate your DIY projects, personalized gifts, and small business branding with our versatile collection of Costco-inspired font Download the full plans for $3.45 — includes cut list, 3D diagrams & material list. 📌 Save & share with your woodworking friends! #printable #instantdownload #digitaldowload #diycraft #homedecor #printabledecor #diyprintable #freeprintable #partyprin",https://eleswooddesigns.com/products/customizable-wholesale-club-font-svg-pack-birthday-welcome-signature-designs-digital-files/,https://i.etsystatic.com/53333782/r/il/18ce1c/7110266992/il_fullxfull.7110266992_9ada.jpg,Instant Download Printables
"DIY Workbench Plans | Mobile Heavy Duty Craft Table with Shelves, Pegboard (PDF Download) | Step-by-",Your garage deserves better than a wobbly table and tools scattered across the floor. These DIY Garage Workbench Plans PDF give you a complete heavy-duty blueprint for a professional Work Bench with S ✅ Includes: workbench_plans_pdf | diy_garage_workbench | work_bench_plans. Instant PDF download — Easy friendly. #diyfurniture #woodworkingplans #diywoodworking #furnitureplans #handmadefurniture #woodwork #buildyourown #diyprojects #homemade #woodworking #furnitureideas #diyhome #woodworkingprojec,https://eleswooddesigns.com/products/diy-workbench-plans-mobile-heavy-duty-craft-table-with-shelves-pegboard-pdf-download/,https://eleswooddesigns.com/api/pin/diy-workbench-plans-mobile-heavy-duty-craft-table-with-shelves-pegboard-pdf-download/pin.jpg,DIY Woodworking Plans
Build Your Own DIY Workbench Plans — Furniture PDF Plans | Instant Download,70% OFF TODAY ONLY! Your garage deserves better than a wobbly table and tools scattered across the floor. These DIY Garage Workbench Plans PDF give you a complete heavy-duty blueprint for a professional Work Bench with S Get the complete step-by-step woodworking blueprint for only $4.05. Instant digital download. 💛 Save this pin to build later! #diyfurniture #woodworkingplans #diywoodworking #furnitureplans #handmadefurniture #woodwork #buildyourown #diyprojects #homemade #woodworking #furnitur,https://eleswooddesigns.com/products/diy-workbench-plans-mobile-heavy-duty-craft-table-with-shelves-pegboard-pdf-download/,https://i.etsystatic.com/53333782/r/il/d14f5d/7958900276/il_fullxfull.7958900276_tfp3.jpg,DIY Furniture Plans
DIY Workbench Plans Woodworking Plans — Only $4.05 | Beginner Friendly PDF,"This DIY project is one of our most-saved pins! Your garage deserves better than a wobbly table and tools scattered across the floor. These DIY Garage Workbench Plans PDF give you a complete heavy-duty blueprint for a professional Work Bench with S Download the full plans for $4.05 — includes cut list, 3D diagrams & material list. 📌 Save & share with your woodworking friends! #diyfurniture #woodworkingplans #diywoodworking #furnitureplans #handmadefurniture #woodwork #buildyourown #diyprojects ",https://eleswooddesigns.com/products/diy-workbench-plans-mobile-heavy-duty-craft-table-with-shelves-pegboard-pdf-download/,https://i.etsystatic.com/53333782/r/il/3b9aec/8006856791/il_fullxfull.8006856791_nacw.jpg,Woodworking Projects for Beginners
Kids Mud Kitchen Plans | Wooden Outdoor Play Station Blueprint (PDF Download) | Step-by-Step PDF,Build the backyard centerpiece your kids will never stop playing with. These Kids Outdoor Mud Kitchen Plans PDF give you a complete woodworking blueprint for a massive 8-foot wooden play station — eng ✅ Includes: kids_mud_kitchen | mud_kitchen_plans | mud_kitchen_pdf. Instant PDF download — Easy friendly. #kidsfurniture #diykids #playhouse #treehouse #kidsroom #outdoorplay #kidsdiy #familyproject #diywoodworking #woodworkingplans #childrensfurniture #playroom #kidsoutdoor #backyardplay #kidscraf,https://eleswooddesigns.com/products/kids-mud-kitchen-plans-wooden-outdoor-play-station-blueprint-pdf-download/,https://eleswooddesigns.com/api/pin/kids-mud-kitchen-plans-wooden-outdoor-play-station-blueprint-pdf-download/pin.jpg,DIY Kids Woodworking Plans
Build Your Own Kids Mud Kitchen Plans — Kids PDF Plans | Instant Download,70% OFF TODAY ONLY! Build the backyard centerpiece your kids will never stop playing with. These Kids Outdoor Mud Kitchen Plans PDF give you a complete woodworking blueprint for a massive 8-foot wooden play station — eng Get the complete step-by-step woodworking blueprint for only $6.60. Instant digital download. 💛 Save this pin to build later! #kidsfurniture #diykids #playhouse #treehouse #kidsroom #outdoorplay #kidsdiy #familyproject #diywoodworking #woodworkingplans #childrensfurniture #play,https://eleswooddesigns.com/products/kids-mud-kitchen-plans-wooden-outdoor-play-station-blueprint-pdf-download/,https://i.etsystatic.com/53333782/r/il/6f1c08/8049077792/il_fullxfull.8049077792_o2qq.jpg,DIY Woodworking Plans
Kids Mud Kitchen Plans Woodworking Plans — Only $6.60 | Beginner Friendly PDF,"This DIY project is one of our most-saved pins! Build the backyard centerpiece your kids will never stop playing with. These Kids Outdoor Mud Kitchen Plans PDF give you a complete woodworking blueprint for a massive 8-foot wooden play station — eng Download the full plans for $6.60 — includes cut list, 3D diagrams & material list. 📌 Save & share with your woodworking friends! #kidsfurniture #diykids #playhouse #treehouse #kidsroom #outdoorplay #kidsdiy #familyproject #diywoodworking #woodworkin",https://eleswooddesigns.com/products/kids-mud-kitchen-plans-wooden-outdoor-play-station-blueprint-pdf-download/,https://i.etsystatic.com/53333782/r/il/cf0dd8/8049077794/il_fullxfull.8049077794_6mrh.jpg,Kids Outdoor Play Ideas
Log Cabin Birdhouse Plans | Large Purple Martin House Blueprint (PDF Download) | Step-by-Step PDF,"Build a stunning DIY Log Cabin Birdhouse with these professional PDF Woodworking Plans — the ultimate Large Birdhouse Plans for your garden, backyard, or patio. Whether you're after a complete Bird Ma ✅ Includes: log_cabin_birdhouse | birdhouse_plans | fancy_birdhouse. Instant PDF download — Medium friendly. #outdoorfurniture #backyardideas #diyoutdoor #pergolaplans #deckideas #patio #outdoorliving #backyard #diywoodworking #woodworkingplans #outdoordiy #gardendesign #deckdecor #patiodesign #bac",https://eleswooddesigns.com/products/log-cabin-birdhouse-plans-large-purple-martin-house-blueprint-pdf-download/,https://eleswooddesigns.com/api/pin/log-cabin-birdhouse-plans-large-purple-martin-house-blueprint-pdf-download/pin.jpg,DIY Outdoor Woodworking Plans
Build Your Own Log Cabin Birdhouse Plans — Outdoor PDF Plans | Instant Download,"70% OFF TODAY ONLY! Build a stunning DIY Log Cabin Birdhouse with these professional PDF Woodworking Plans — the ultimate Large Birdhouse Plans for your garden, backyard, or patio. Whether you're after a complete Bird Ma Get the complete step-by-step woodworking blueprint for only $3.00. Instant digital download. 💛 Save this pin to build later! #outdoorfurniture #backyardideas #diyoutdoor #pergolaplans #deckideas #patio #outdoorliving #backyard #diywoodworking #woodworkingplans #outdoordiy #gar",https://eleswooddesigns.com/products/log-cabin-birdhouse-plans-large-purple-martin-house-blueprint-pdf-download/,https://i.etsystatic.com/53333782/r/il/9565a5/8255806013/il_fullxfull.8255806013_ethb.jpg,DIY Woodworking Plans
Log Cabin Birdhouse Plans Woodworking Plans — Only $3.00 | Beginner Friendly PDF,"This DIY project is one of our most-saved pins! Build a stunning DIY Log Cabin Birdhouse with these professional PDF Woodworking Plans — the ultimate Large Birdhouse Plans for your garden, backyard, or patio. Whether you're after a complete Bird Ma Download the full plans for $3.00 — includes cut list, 3D diagrams & material list. 📌 Save & share with your woodworking friends! #outdoorfurniture #backyardideas #diyoutdoor #pergolaplans #deckideas #patio #outdoorliving #backyard #diywoodworking #w",https://eleswooddesigns.com/products/log-cabin-birdhouse-plans-large-purple-martin-house-blueprint-pdf-download/,https://i.etsystatic.com/53333782/r/il/b0555b/8255806027/il_fullxfull.8255806027_ftg7.jpg,Backyard DIY Projects
Kids Rocking Chair Plans | Toddler Wooden Rocker Woodworking Blueprint (PDF Download) | Step-by-Step,"Craft the Perfect Keepsake with DIY Kids Rocking Chair Plans! A HANDMADE HEIRLOOM FOR YOUR LITTLE ONE Looking for a meaningful, handcrafted woodworking project for your little one? Build a beautiful,  ✅ Includes: kids_rocker_plan | toddler_rocker_diy | childrens_chair. Instant PDF download — Medium friendly. #kidsfurniture #diykids #playhouse #treehouse #kidsroom #outdoorplay #kidsdiy #familyproject #diywoodworking #woodworkingplans #childrensfurniture #playroom #kidsoutdoor #backyardplay #kidsc",https://eleswooddesigns.com/products/kids-rocking-chair-plans-toddler-wooden-rocker-woodworking-blueprint-pdf-download/,https://eleswooddesigns.com/api/pin/kids-rocking-chair-plans-toddler-wooden-rocker-woodworking-blueprint-pdf-download/pin.jpg,DIY Kids Woodworking Plans
Build Your Own Kids Rocking Chair Plans — Kids PDF Plans | Instant Download,"70% OFF TODAY ONLY! Craft the Perfect Keepsake with DIY Kids Rocking Chair Plans! A HANDMADE HEIRLOOM FOR YOUR LITTLE ONE Looking for a meaningful, handcrafted woodworking project for your little one? Build a beautiful,  Get the complete step-by-step woodworking blueprint for only $3.00. Instant digital download. 💛 Save this pin to build later! #kidsfurniture #diykids #playhouse #treehouse #kidsroom #outdoorplay #kidsdiy #familyproject #diywoodworking #woodworkingplans #childrensfurniture #play",https://eleswooddesigns.com/products/kids-rocking-chair-plans-toddler-wooden-rocker-woodworking-blueprint-pdf-download/,https://i.etsystatic.com/53333782/r/il/142d1d/8246500364/il_fullxfull.8246500364_rbt8.jpg,DIY Woodworking Plans
Kids Rocking Chair Plans Woodworking Plans — Only $3.00 | Beginner Friendly PDF,"This DIY project is one of our most-saved pins! Craft the Perfect Keepsake with DIY Kids Rocking Chair Plans! A HANDMADE HEIRLOOM FOR YOUR LITTLE ONE Looking for a meaningful, handcrafted woodworking project for your little one? Build a beautiful,  Download the full plans for $3.00 — includes cut list, 3D diagrams & material list. 📌 Save & share with your woodworking friends! #kidsfurniture #diykids #playhouse #treehouse #kidsroom #outdoorplay #kidsdiy #familyproject #diywoodworking #woodworkin",https://eleswooddesigns.com/products/kids-rocking-chair-plans-toddler-wooden-rocker-woodworking-blueprint-pdf-download/,https://i.etsystatic.com/53333782/r/il/2026a2/8294416921/il_fullxfull.8294416921_ig6u.jpg,Kids Outdoor Play Ideas
Outdoor Kitchen Plans | Covered BBQ Grill Station Build (PDF Download) | Step-by-Step PDF,"Turn an empty patio corner into a real outdoor kitchen build without hiring a contractor. This covered grill station plan uses wood framing and a corrugated metal roof to create a durable, weatherproo ✅ Includes: Grill_Station_Plans | BBQ_Cart_Plans | Outdoor_Kitchen_DIY. Instant PDF download — Medium friendly. #diyfurniture #woodworkingplans #diywoodworking #furnitureplans #handmadefurniture #woodwork #buildyourown #diyprojects #homemade #woodworking #furnitureideas #diyhome #woodworkingproject",https://eleswooddesigns.com/products/outdoor-kitchen-plans-covered-bbq-grill-station-build-pdf-download/,https://eleswooddesigns.com/api/pin/outdoor-kitchen-plans-covered-bbq-grill-station-build-pdf-download/pin.jpg,DIY Woodworking Plans
Build Your Own Outdoor Kitchen Plans — Furniture PDF Plans | Instant Download,"70% OFF TODAY ONLY! Turn an empty patio corner into a real outdoor kitchen build without hiring a contractor. This covered grill station plan uses wood framing and a corrugated metal roof to create a durable, weatherproo Get the complete step-by-step woodworking blueprint for only $7.35. Instant digital download. 💛 Save this pin to build later! #diyfurniture #woodworkingplans #diywoodworking #furnitureplans #handmadefurniture #woodwork #buildyourown #diyprojects #homemade #woodworking #furnitur",https://eleswooddesigns.com/products/outdoor-kitchen-plans-covered-bbq-grill-station-build-pdf-download/,https://i.etsystatic.com/53333782/r/il/51a05c/8389688367/il_fullxfull.8389688367_mss9.jpg,DIY Furniture Plans
Outdoor Kitchen Plans Woodworking Plans — Only $7.35 | Beginner Friendly PDF,"This DIY project is one of our most-saved pins! Turn an empty patio corner into a real outdoor kitchen build without hiring a contractor. This covered grill station plan uses wood framing and a corrugated metal roof to create a durable, weatherproo Download the full plans for $7.35 — includes cut list, 3D diagrams & material list. 📌 Save & share with your woodworking friends! #diyfurniture #woodworkingplans #diywoodworking #furnitureplans #handmadefurniture #woodwork #buildyourown #diyprojects ",https://eleswooddesigns.com/products/outdoor-kitchen-plans-covered-bbq-grill-station-build-pdf-download/,https://i.etsystatic.com/53333782/r/il/3cec52/8389688337/il_fullxfull.8389688337_9gd8.jpg,Woodworking Projects for Beginners
"DIY Farmstand Plans: Roadside Produce, Flower, and Bakery Stand (PDF Download) | Step-by-Step PDF","Handcrafted by You, For Your Dream: Build the Perfect Farmstand Today! With our digital DIY plans, you can easily create a beautiful wooden stand to showcase your fresh produce, artisan goods, or vibr ✅ Includes: DIY_Farmstand | Roadside_Plant | Flower_Cart. Instant PDF download — Easy friendly. #diygarden #gardenproject #raisedbed #gardenbed #gardendesign #diygardenbed #backyardgarden #vegetablegarden #woodworkingplans #diywoodworking #gardenideas #outdoorgarden #gardenbed #planter #diyplanter ",https://eleswooddesigns.com/products/diy-farmstand-plans-roadside-produce-flower-and-bakery-stand-pdf-download/,https://eleswooddesigns.com/api/pin/diy-farmstand-plans-roadside-produce-flower-and-bakery-stand-pdf-download/pin.jpg,DIY Garden Woodworking Plans
Build Your Own DIY Farmstand Plans — Garden PDF Plans | Instant Download,"70% OFF TODAY ONLY! Handcrafted by You, For Your Dream: Build the Perfect Farmstand Today! With our digital DIY plans, you can easily create a beautiful wooden stand to showcase your fresh produce, artisan goods, or vibr Get the complete step-by-step woodworking blueprint for only $8.70. Instant digital download. 💛 Save this pin to build later! #diygarden #gardenproject #raisedbed #gardenbed #gardendesign #diygardenbed #backyardgarden #vegetablegarden #woodworkingplans #diywoodworking #gardenid",https://eleswooddesigns.com/products/diy-farmstand-plans-roadside-produce-flower-and-bakery-stand-pdf-download/,https://i.etsystatic.com/53333782/r/il/7c3d5a/7284359887/il_fullxfull.7284359887_l342.jpg,DIY Woodworking Plans
DIY Farmstand Plans Woodworking Plans — Only $8.70 | Beginner Friendly PDF,"This DIY project is one of our most-saved pins! Handcrafted by You, For Your Dream: Build the Perfect Farmstand Today! With our digital DIY plans, you can easily create a beautiful wooden stand to showcase your fresh produce, artisan goods, or vibr Download the full plans for $8.70 — includes cut list, 3D diagrams & material list. 📌 Save & share with your woodworking friends! #diygarden #gardenproject #raisedbed #gardenbed #gardendesign #diygardenbed #backyardgarden #vegetablegarden #woodworkin",https://eleswooddesigns.com/products/diy-farmstand-plans-roadside-produce-flower-and-bakery-stand-pdf-download/,https://i.etsystatic.com/53333782/r/il/2adfae/7236394580/il_fullxfull.7236394580_hfcw.jpg,Garden Ideas & Projects
Modern Platform Bed Frame Plan | Wood Bed DIY Pattern with Nightstands (PDF Download) | Step-by-Step,"DIY Bed Frame Plan PDF | Modern Wood Platform Bed Pattern with Built-In Nightstands | Queen Size Build a stunning modern platform bed with this detailed wood bed frame plan. Designed as a clean, minim ✅ Includes: Bed_Frame_Plan_PDF | Platform_Bed_Plan | Queen_Bed_Frame_PDF. Instant PDF download — Medium friendly. #diyfurniture #woodworkingplans #diywoodworking #furnitureplans #handmadefurniture #woodwork #buildyourown #diyprojects #homemade #woodworking #furnitureideas #diyhome #woodworkingproje",https://eleswooddesigns.com/products/modern-platform-bed-frame-plan-wood-bed-diy-pattern-with-nightstands-pdf-download/,https://eleswooddesigns.com/api/pin/modern-platform-bed-frame-plan-wood-bed-diy-pattern-with-nightstands-pdf-download/pin.jpg,DIY Woodworking Plans
Build Your Own Modern Platform Bed Frame Plan — Furniture PDF Plans | Instant Download,"70% OFF TODAY ONLY! DIY Bed Frame Plan PDF | Modern Wood Platform Bed Pattern with Built-In Nightstands | Queen Size Build a stunning modern platform bed with this detailed wood bed frame plan. Designed as a clean, minim Get the complete step-by-step woodworking blueprint for only $7.35. Instant digital download. 💛 Save this pin to build later! #diyfurniture #woodworkingplans #diywoodworking #furnitureplans #handmadefurniture #woodwork #buildyourown #diyprojects #homemade #woodworking #furnitur",https://eleswooddesigns.com/products/modern-platform-bed-frame-plan-wood-bed-diy-pattern-with-nightstands-pdf-download/,https://i.etsystatic.com/53333782/r/il/23dfc7/8415101811/il_fullxfull.8415101811_qhuj.jpg,DIY Furniture Plans
Modern Platform Bed Frame Plan Woodworking Plans — Only $7.35 | Beginner Friendly PDF,"This DIY project is one of our most-saved pins! DIY Bed Frame Plan PDF | Modern Wood Platform Bed Pattern with Built-In Nightstands | Queen Size Build a stunning modern platform bed with this detailed wood bed frame plan. Designed as a clean, minim Download the full plans for $7.35 — includes cut list, 3D diagrams & material list. 📌 Save & share with your woodworking friends! #diyfurniture #woodworkingplans #diywoodworking #furnitureplans #handmadefurniture #woodwork #buildyourown #diyprojects ",https://eleswooddesigns.com/products/modern-platform-bed-frame-plan-wood-bed-diy-pattern-with-nightstands-pdf-download/,https://i.etsystatic.com/53333782/r/il/c95e33/8367221336/il_fullxfull.8367221336_dv1g.jpg,Woodworking Projects for Beginners
"DIY Farmstand Plans PDF | Portable Roadside Stand for Produce, Eggs, Flowers & Bakery Cart | Step-by","Build your own portable farmstand with these complete woodworking PDF plans — designed for anyone setting up a roadside stand, driveway farmstand, or rolling farm cart for the first time or the tenth  ✅ Includes: DIY_Farmstand | Roadside_Plant | Flower_Cart. Instant PDF download — Easy friendly. #diygarden #gardenproject #raisedbed #gardenbed #gardendesign #diygardenbed #backyardgarden #vegetablegarden #woodworkingplans #diywoodworking #gardenideas #outdoorgarden #gardenbed #planter #diyplanter ",https://eleswooddesigns.com/products/diy-farmstand-plans-pdf-portable-roadside-stand-for-produce-eggs-flowers-bakery-cart/,https://eleswooddesigns.com/api/pin/diy-farmstand-plans-pdf-portable-roadside-stand-for-produce-eggs-flowers-bakery-cart/pin.jpg,DIY Garden Woodworking Plans
Build Your Own DIY Farmstand Plans PDF — Garden PDF Plans | Instant Download,"70% OFF TODAY ONLY! Build your own portable farmstand with these complete woodworking PDF plans — designed for anyone setting up a roadside stand, driveway farmstand, or rolling farm cart for the first time or the tenth  Get the complete step-by-step woodworking blueprint for only $8.70. Instant digital download. 💛 Save this pin to build later! #diygarden #gardenproject #raisedbed #gardenbed #gardendesign #diygardenbed #backyardgarden #vegetablegarden #woodworkingplans #diywoodworking #gardenid",https://eleswooddesigns.com/products/diy-farmstand-plans-pdf-portable-roadside-stand-for-produce-eggs-flowers-bakery-cart/,https://i.etsystatic.com/53333782/r/il/d76f2f/7932332107/il_fullxfull.7932332107_3u69.jpg,DIY Woodworking Plans
DIY Farmstand Plans PDF Woodworking Plans — Only $8.70 | Beginner Friendly PDF,"This DIY project is one of our most-saved pins! Build your own portable farmstand with these complete woodworking PDF plans — designed for anyone setting up a roadside stand, driveway farmstand, or rolling farm cart for the first time or the tenth  Download the full plans for $8.70 — includes cut list, 3D diagrams & material list. 📌 Save & share with your woodworking friends! #diygarden #gardenproject #raisedbed #gardenbed #gardendesign #diygardenbed #backyardgarden #vegetablegarden #woodworkin",https://eleswooddesigns.com/products/diy-farmstand-plans-pdf-portable-roadside-stand-for-produce-eggs-flowers-bakery-cart/,https://i.etsystatic.com/53333782/r/il/17b681/7932332105/il_fullxfull.7932332105_539i.jpg,Garden Ideas & Projects
DIY Storage Bench Plans | Modern Wooden Chest Blueprint (PDF Download) | Step-by-Step PDF,"Stop hiding clutter behind closed doors. These DIY Storage Bench Plans give you a complete PDF woodworking blueprint for a clean, modern Wooden Chest with Lid — a versatile build that works as an entr ✅ Includes: storage_bench_plans | wooden_chest_plans | toy_box_plans. Instant PDF download — Easy friendly. #diyfurniture #woodworkingplans #diywoodworking #furnitureplans #handmadefurniture #woodwork #buildyourown #diyprojects #homemade #woodworking #furnitureideas #diyhome #woodworkingproject #cr",https://eleswooddesigns.com/products/diy-storage-bench-plans-modern-wooden-chest-blueprint-pdf-download/,https://eleswooddesigns.com/api/pin/diy-storage-bench-plans-modern-wooden-chest-blueprint-pdf-download/pin.jpg,DIY Woodworking Plans
Build Your Own DIY Storage Bench Plans — Furniture PDF Plans | Instant Download,"70% OFF TODAY ONLY! Stop hiding clutter behind closed doors. These DIY Storage Bench Plans give you a complete PDF woodworking blueprint for a clean, modern Wooden Chest with Lid — a versatile build that works as an entr Get the complete step-by-step woodworking blueprint for only $3.21. Instant digital download. 💛 Save this pin to build later! #diyfurniture #woodworkingplans #diywoodworking #furnitureplans #handmadefurniture #woodwork #buildyourown #diyprojects #homemade #woodworking #furnitur",https://eleswooddesigns.com/products/diy-storage-bench-plans-modern-wooden-chest-blueprint-pdf-download/,https://i.etsystatic.com/53333782/r/il/c11b3b/7998542969/il_fullxfull.7998542969_4jqf.jpg,DIY Furniture Plans
DIY Storage Bench Plans Woodworking Plans — Only $3.21 | Beginner Friendly PDF,"This DIY project is one of our most-saved pins! Stop hiding clutter behind closed doors. These DIY Storage Bench Plans give you a complete PDF woodworking blueprint for a clean, modern Wooden Chest with Lid — a versatile build that works as an entr Download the full plans for $3.21 — includes cut list, 3D diagrams & material list. 📌 Save & share with your woodworking friends! #diyfurniture #woodworkingplans #diywoodworking #furnitureplans #handmadefurniture #woodwork #buildyourown #diyprojects ",https://eleswooddesigns.com/products/diy-storage-bench-plans-modern-wooden-chest-blueprint-pdf-download/,https://i.etsystatic.com/53333782/r/il/3159d7/7950587008/il_fullxfull.7950587008_350x.jpg,Woodworking Projects for Beginners
DIY Modern Mailbox Post Plans | Wooden Mailbox Stand PDF | Curb Appeal Build Guide | Step-by-Step PD,DIY Modern Mailbox Post Plans – Wooden Mailbox Stand PDF Upgrade your home's curb appeal with these DIY modern mailbox post plans. This detailed PDF build guide shows you how to build a stylish and st ✅ Includes: mailbox_post_plans | modern_mailbox_post | mailbox_stand_plans. Instant PDF download — Medium friendly. #diygarden #gardenproject #raisedbed #gardenbed #gardendesign #diygardenbed #backyardgarden #vegetablegarden #woodworkingplans #diywoodworking #gardenideas #outdoorgarden #gardenbed #,https://eleswooddesigns.com/products/diy-modern-mailbox-post-plans-wooden-mailbox-stand-pdf-curb-appeal-build-guide/,https://eleswooddesigns.com/api/pin/diy-modern-mailbox-post-plans-wooden-mailbox-stand-pdf-curb-appeal-build-guide/pin.jpg,DIY Garden Woodworking Plans
Build Your Own DIY Modern Mailbox Post Plans — Garden PDF Plans | Instant Download,70% OFF TODAY ONLY! DIY Modern Mailbox Post Plans – Wooden Mailbox Stand PDF Upgrade your home's curb appeal with these DIY modern mailbox post plans. This detailed PDF build guide shows you how to build a stylish and st Get the complete step-by-step woodworking blueprint for only $3.81. Instant digital download. 💛 Save this pin to build later! #diygarden #gardenproject #raisedbed #gardenbed #gardendesign #diygardenbed #backyardgarden #vegetablegarden #woodworkingplans #diywoodworking #gardenid,https://eleswooddesigns.com/products/diy-modern-mailbox-post-plans-wooden-mailbox-stand-pdf-curb-appeal-build-guide/,https://i.etsystatic.com/53333782/r/il/24fa4d/8450017171/il_fullxfull.8450017171_ei6x.jpg,DIY Woodworking Plans
DIY Modern Mailbox Post Plans Woodworking Plans — Only $3.81 | Beginner Friendly PDF,"This DIY project is one of our most-saved pins! DIY Modern Mailbox Post Plans – Wooden Mailbox Stand PDF Upgrade your home's curb appeal with these DIY modern mailbox post plans. This detailed PDF build guide shows you how to build a stylish and st Download the full plans for $3.81 — includes cut list, 3D diagrams & material list. 📌 Save & share with your woodworking friends! #diygarden #gardenproject #raisedbed #gardenbed #gardendesign #diygardenbed #backyardgarden #vegetablegarden #woodworkin",https://eleswooddesigns.com/products/diy-modern-mailbox-post-plans-wooden-mailbox-stand-pdf-curb-appeal-build-guide/,https://i.etsystatic.com/53333782/r/il/1e3e9b/8402138048/il_fullxfull.8402138048_2rz2.jpg,Garden Ideas & Projects
DIY Queen Murphy Bed with Desk Plans | Horizontal Wall Bed Woodworking PDF | Step-by-Step PDF,Build a queen murphy bed with desk that transforms your room into a multifunctional space. These detailed murphy bed with desk plans guide you step-by-step through creating a horizontal bed plan with  ✅ Includes: murphy_bed_with_desk | queen_murphy_bed | horizontal_bed_plan. Instant PDF download — Easy friendly. #diyfurniture #woodworkingplans #diywoodworking #furnitureplans #handmadefurniture #woodwork #buildyourown #diyprojects #homemade #woodworking #furnitureideas #diyhome #woodworkingprojec,https://eleswooddesigns.com/products/diy-queen-murphy-bed-with-desk-plans-horizontal-wall-bed-woodworking-pdf/,https://eleswooddesigns.com/api/pin/diy-queen-murphy-bed-with-desk-plans-horizontal-wall-bed-woodworking-pdf/pin.jpg,DIY Woodworking Plans
Build Your Own DIY Queen Murphy Bed with Desk Plans — Furniture PDF Plans | Instant Download,70% OFF TODAY ONLY! Build a queen murphy bed with desk that transforms your room into a multifunctional space. These detailed murphy bed with desk plans guide you step-by-step through creating a horizontal bed plan with  Get the complete step-by-step woodworking blueprint for only $4.65. Instant digital download. 💛 Save this pin to build later! #diyfurniture #woodworkingplans #diywoodworking #furnitureplans #handmadefurniture #woodwork #buildyourown #diyprojects #homemade #woodworking #furnitur,https://eleswooddesigns.com/products/diy-queen-murphy-bed-with-desk-plans-horizontal-wall-bed-woodworking-pdf/,https://i.etsystatic.com/53333782/r/il/93d049/7791139987/il_fullxfull.7791139987_dbvp.jpg,DIY Furniture Plans
DIY Queen Murphy Bed with Desk Plans Woodworking Plans — Only $4.65 | Beginner Friendly PDF,"This DIY project is one of our most-saved pins! Build a queen murphy bed with desk that transforms your room into a multifunctional space. These detailed murphy bed with desk plans guide you step-by-step through creating a horizontal bed plan with  Download the full plans for $4.65 — includes cut list, 3D diagrams & material list. 📌 Save & share with your woodworking friends! #diyfurniture #woodworkingplans #diywoodworking #furnitureplans #handmadefurniture #woodwork #buildyourown #diyprojects ",https://eleswooddesigns.com/products/diy-queen-murphy-bed-with-desk-plans-horizontal-wall-bed-woodworking-pdf/,https://i.etsystatic.com/53333782/r/il/c775fc/7791140043/il_fullxfull.7791140043_iqo4.jpg,Woodworking Projects for Beginners
DIY Outdoor Kitchen Plans | Grill Station Bar & Sink Cabinet Woodworking Blueprint PDF | Step-by-Ste,"Build a complete modular outdoor kitchen with these step-by-step woodworking plans — a three-component outdoor kitchen diy system featuring a grill station, bar counter, and sink cabinet designed for  ✅ Includes: grill_station_plans | bbq_cart_plans | outdoor_kitchen_diy. Instant PDF download — Hard friendly. #diyfurniture #woodworkingplans #diywoodworking #furnitureplans #handmadefurniture #woodwork #buildyourown #diyprojects #homemade #woodworking #furnitureideas #diyhome #woodworkingproject #",https://eleswooddesigns.com/products/diy-outdoor-kitchen-plans-grill-station-bar-sink-cabinet-woodworking-blueprint-pdf/,https://eleswooddesigns.com/api/pin/diy-outdoor-kitchen-plans-grill-station-bar-sink-cabinet-woodworking-blueprint-pdf/pin.jpg,DIY Woodworking Plans
Build Your Own DIY Outdoor Kitchen Plans — Furniture PDF Plans | Instant Download,"70% OFF TODAY ONLY! Build a complete modular outdoor kitchen with these step-by-step woodworking plans — a three-component outdoor kitchen diy system featuring a grill station, bar counter, and sink cabinet designed for  Get the complete step-by-step woodworking blueprint for only $6.60. Instant digital download. 💛 Save this pin to build later! #diyfurniture #woodworkingplans #diywoodworking #furnitureplans #handmadefurniture #woodwork #buildyourown #diyprojects #homemade #woodworking #furnitur",https://eleswooddesigns.com/products/diy-outdoor-kitchen-plans-grill-station-bar-sink-cabinet-woodworking-blueprint-pdf/,https://i.etsystatic.com/53333782/r/il/d883b3/7918487072/il_fullxfull.7918487072_97i0.jpg,DIY Furniture Plans
DIY Outdoor Kitchen Plans Woodworking Plans — Only $6.60 | Beginner Friendly PDF,"This DIY project is one of our most-saved pins! Build a complete modular outdoor kitchen with these step-by-step woodworking plans — a three-component outdoor kitchen diy system featuring a grill station, bar counter, and sink cabinet designed for  Download the full plans for $6.60 — includes cut list, 3D diagrams & material list. 📌 Save & share with your woodworking friends! #diyfurniture #woodworkingplans #diywoodworking #furnitureplans #handmadefurniture #woodwork #buildyourown #diyprojects ",https://eleswooddesigns.com/products/diy-outdoor-kitchen-plans-grill-station-bar-sink-cabinet-woodworking-blueprint-pdf/,https://i.etsystatic.com/53333782/r/il/1b3fd5/7918487082/il_fullxfull.7918487082_ezqa.jpg,Woodworking Projects for Beginners
Modern Outdoor Sauna Plans | DIY Cedar Backyard Sauna With Window (PDF Download) | Step-by-Step PDF,Build Your Own Backyard Sauna Retreat! Turn your backyard into a private wellness escape with these complete Outdoor Sauna Plans. This modern sauna design and DIY sauna plan set includes detailed saun ✅ Includes: Outdoor_Sauna_Plans | Sauna_Blueprints_PDF | Sauna_With_Window. Instant PDF download — Medium friendly. #outdoorfurniture #backyardideas #diyoutdoor #pergolaplans #deckideas #patio #outdoorliving #backyard #diywoodworking #woodworkingplans #outdoordiy #gardendesign #deckdecor #patiodesi,https://eleswooddesigns.com/products/modern-outdoor-sauna-plans-diy-cedar-backyard-sauna-with-window-pdf-download/,https://eleswooddesigns.com/api/pin/modern-outdoor-sauna-plans-diy-cedar-backyard-sauna-with-window-pdf-download/pin.jpg,DIY Outdoor Woodworking Plans
Build Your Own Modern Outdoor Sauna Plans — Outdoor PDF Plans | Instant Download,70% OFF TODAY ONLY! Build Your Own Backyard Sauna Retreat! Turn your backyard into a private wellness escape with these complete Outdoor Sauna Plans. This modern sauna design and DIY sauna plan set includes detailed saun Get the complete step-by-step woodworking blueprint for only $7.35. Instant digital download. 💛 Save this pin to build later! #outdoorfurniture #backyardideas #diyoutdoor #pergolaplans #deckideas #patio #outdoorliving #backyard #diywoodworking #woodworkingplans #outdoordiy #gar,https://eleswooddesigns.com/products/modern-outdoor-sauna-plans-diy-cedar-backyard-sauna-with-window-pdf-download/,https://i.etsystatic.com/53333782/r/il/fd4931/8274102276/il_fullxfull.8274102276_kznf.jpg,DIY Woodworking Plans
Modern Outdoor Sauna Plans Woodworking Plans — Only $7.35 | Beginner Friendly PDF,"This DIY project is one of our most-saved pins! Build Your Own Backyard Sauna Retreat! Turn your backyard into a private wellness escape with these complete Outdoor Sauna Plans. This modern sauna design and DIY sauna plan set includes detailed saun Download the full plans for $7.35 — includes cut list, 3D diagrams & material list. 📌 Save & share with your woodworking friends! #outdoorfurniture #backyardideas #diyoutdoor #pergolaplans #deckideas #patio #outdoorliving #backyard #diywoodworking #w",https://eleswooddesigns.com/products/modern-outdoor-sauna-plans-diy-cedar-backyard-sauna-with-window-pdf-download/,https://i.etsystatic.com/53333782/r/il/fdb3e8/8274102374/il_fullxfull.8274102374_2veb.jpg,Backyard DIY Projects
Tiered Planter Box Plans | 2-Level Raised Garden Bed Woodworking Blueprint (PDF Download) | Step-by-,"Double your growing space without doubling your footprint. These Raised Tiered Planter Box Plans give you a complete PDF woodworking blueprint for a two-level stepped garden bed — a sturdy, beautiful  ✅ Includes: 2_Tier_Planter_Box | Tiered_Planter_Box | Raised_Garden_Bed. Instant PDF download — Easy friendly. #diygarden #gardenproject #raisedbed #gardenbed #gardendesign #diygardenbed #backyardgarden #vegetablegarden #woodworkingplans #diywoodworking #gardenideas #outdoorgarden #gardenbed #plant",https://eleswooddesigns.com/products/tiered-planter-box-plans-2-level-raised-garden-bed-woodworking-blueprint-pdf-download/,https://eleswooddesigns.com/api/pin/tiered-planter-box-plans-2-level-raised-garden-bed-woodworking-blueprint-pdf-download/pin.jpg,DIY Garden Woodworking Plans
Build Your Own Tiered Planter Box Plans — Garden PDF Plans | Instant Download,"70% OFF TODAY ONLY! Double your growing space without doubling your footprint. These Raised Tiered Planter Box Plans give you a complete PDF woodworking blueprint for a two-level stepped garden bed — a sturdy, beautiful  Get the complete step-by-step woodworking blueprint for only $3.81. Instant digital download. 💛 Save this pin to build later! #diygarden #gardenproject #raisedbed #gardenbed #gardendesign #diygardenbed #backyardgarden #vegetablegarden #woodworkingplans #diywoodworking #gardenid",https://eleswooddesigns.com/products/tiered-planter-box-plans-2-level-raised-garden-bed-woodworking-blueprint-pdf-download/,https://i.etsystatic.com/53333782/r/il/af984f/7995191961/il_fullxfull.7995191961_31rx.jpg,DIY Woodworking Plans
Tiered Planter Box Plans Woodworking Plans — Only $3.81 | Beginner Friendly PDF,"This DIY project is one of our most-saved pins! Double your growing space without doubling your footprint. These Raised Tiered Planter Box Plans give you a complete PDF woodworking blueprint for a two-level stepped garden bed — a sturdy, beautiful  Download the full plans for $3.81 — includes cut list, 3D diagrams & material list. 📌 Save & share with your woodworking friends! #diygarden #gardenproject #raisedbed #gardenbed #gardendesign #diygardenbed #backyardgarden #vegetablegarden #woodworkin",https://eleswooddesigns.com/products/tiered-planter-box-plans-2-level-raised-garden-bed-woodworking-blueprint-pdf-download/,https://i.etsystatic.com/53333782/r/il/a278f3/7995192043/il_fullxfull.7995192043_gehf.jpg,Garden Ideas & Projects
"Arbor Swing Plans | Pergola Roof, A-Frame Freestanding (PDF Download) | Step-by-Step PDF","Build a stunning DIY Arbor Swing with these professional PDF Woodworking Plans — the ultimate A-Frame Swing Plans for your garden, patio, or backyard. Whether you're after a complete Swing and Cover P ✅ Includes: arbor_swing_plans | outdoor_swing_stand | swing_frame. Instant PDF download — Easy friendly. #outdoorfurniture #backyardideas #diyoutdoor #pergolaplans #deckideas #patio #outdoorliving #backyard #diywoodworking #woodworkingplans #outdoordiy #gardendesign #deckdecor #patiodesign #backyar",https://eleswooddesigns.com/products/arbor-swing-plans-pergola-roof-a-frame-freestanding-pdf-download/,https://eleswooddesigns.com/api/pin/arbor-swing-plans-pergola-roof-a-frame-freestanding-pdf-download/pin.jpg,DIY Outdoor Woodworking Plans
Build Your Own Arbor Swing Plans — Outdoor PDF Plans | Instant Download,"70% OFF TODAY ONLY! Build a stunning DIY Arbor Swing with these professional PDF Woodworking Plans — the ultimate A-Frame Swing Plans for your garden, patio, or backyard. Whether you're after a complete Swing and Cover P Get the complete step-by-step woodworking blueprint for only $7.20. Instant digital download. 💛 Save this pin to build later! #outdoorfurniture #backyardideas #diyoutdoor #pergolaplans #deckideas #patio #outdoorliving #backyard #diywoodworking #woodworkingplans #outdoordiy #gar",https://eleswooddesigns.com/products/arbor-swing-plans-pergola-roof-a-frame-freestanding-pdf-download/,https://i.etsystatic.com/53333782/r/il/305b84/8481191551/il_fullxfull.8481191551_ffdh.jpg,DIY Woodworking Plans
Arbor Swing Plans Woodworking Plans — Only $7.20 | Beginner Friendly PDF,"This DIY project is one of our most-saved pins! Build a stunning DIY Arbor Swing with these professional PDF Woodworking Plans — the ultimate A-Frame Swing Plans for your garden, patio, or backyard. Whether you're after a complete Swing and Cover P Download the full plans for $7.20 — includes cut list, 3D diagrams & material list. 📌 Save & share with your woodworking friends! #outdoorfurniture #backyardideas #diyoutdoor #pergolaplans #deckideas #patio #outdoorliving #backyard #diywoodworking #w",https://eleswooddesigns.com/products/arbor-swing-plans-pergola-roof-a-frame-freestanding-pdf-download/,https://i.etsystatic.com/53333782/r/il/7b062d/7976466219/il_fullxfull.7976466219_lk69.jpg,Backyard DIY Projects
"Arc Rocking Lounger Chair Plans, Ergonomic Zero-Gravity Lounger Blueprint (PDF Download) | Step-by-S","Experience Ultimate Relaxation with DIY Arc Floor Rocking Chair Plans! BUILD YOUR OWN COMFORT ZONE Looking for the perfect ergonomic seat for reading, gaming, or lounging on the porch? Build your own  ✅ Includes: floor_rocking_chair | rocking_lounger_diy | curved_chair_plans. Instant PDF download — Easy friendly. #diyfurniture #woodworkingplans #diywoodworking #furnitureplans #handmadefurniture #woodwork #buildyourown #diyprojects #homemade #woodworking #furnitureideas #diyhome #woodworkingproje",https://eleswooddesigns.com/products/arc-rocking-lounger-chair-plans-ergonomic-zero-gravity-lounger-blueprint-pdf-download/,https://eleswooddesigns.com/api/pin/arc-rocking-lounger-chair-plans-ergonomic-zero-gravity-lounger-blueprint-pdf-download/pin.jpg,DIY Woodworking Plans
"Build Your Own Arc Rocking Lounger Chair Plans, Ergonomic Zero-Gravity Loun — Furniture PDF Plans | ","70% OFF TODAY ONLY! Experience Ultimate Relaxation with DIY Arc Floor Rocking Chair Plans! BUILD YOUR OWN COMFORT ZONE Looking for the perfect ergonomic seat for reading, gaming, or lounging on the porch? Build your own  Get the complete step-by-step woodworking blueprint for only $3.81. Instant digital download. 💛 Save this pin to build later! #diyfurniture #woodworkingplans #diywoodworking #furnitureplans #handmadefurniture #woodwork #buildyourown #diyprojects #homemade #woodworking #furnitur",https://eleswooddesigns.com/products/arc-rocking-lounger-chair-plans-ergonomic-zero-gravity-lounger-blueprint-pdf-download/,https://i.etsystatic.com/53333782/r/il/71ef21/8228654940/il_fullxfull.8228654940_kit6.jpg,DIY Furniture Plans
"Arc Rocking Lounger Chair Plans, Ergonomic Zero-Gravity Loun Woodworking Plans — Only $3.81 | Beginn","This DIY project is one of our most-saved pins! Experience Ultimate Relaxation with DIY Arc Floor Rocking Chair Plans! BUILD YOUR OWN COMFORT ZONE Looking for the perfect ergonomic seat for reading, gaming, or lounging on the porch? Build your own  Download the full plans for $3.81 — includes cut list, 3D diagrams & material list. 📌 Save & share with your woodworking friends! #diyfurniture #woodworkingplans #diywoodworking #furnitureplans #handmadefurniture #woodwork #buildyourown #diyprojects ",https://eleswooddesigns.com/products/arc-rocking-lounger-chair-plans-ergonomic-zero-gravity-lounger-blueprint-pdf-download/,https://i.etsystatic.com/53333782/r/il/eac175/8276569351/il_fullxfull.8276569351_nyqj.jpg,Woodworking Projects for Beginners
Modern Outdoor Sauna Plans | 4 Person DIY Cabin Blueprint (Instant Download) | Step-by-Step PDF,Build your dream sauna with our complete DIY Sauna Plans — the ultimate sauna building plans package for anyone ready to build a sauna from scratch! Whether you're planning an outdoor sauna design for ✅ Includes: Sauna_DIY | Build_a_Sauna | 8x8_Sauna. Instant PDF download — Easy friendly. #outdoorfurniture #backyardideas #diyoutdoor #pergolaplans #deckideas #patio #outdoorliving #backyard #diywoodworking #woodworkingplans #outdoordiy #gardendesign #deckdecor #patiodesign #backyarddiy #outdoorpro,https://eleswooddesigns.com/products/modern-outdoor-sauna-plans-4-person-diy-cabin-blueprint-instant-download/,https://eleswooddesigns.com/api/pin/modern-outdoor-sauna-plans-4-person-diy-cabin-blueprint-instant-download/pin.jpg,DIY Outdoor Woodworking Plans
Build Your Own Modern Outdoor Sauna Plans — Outdoor PDF Plans | Instant Download,70% OFF TODAY ONLY! Build your dream sauna with our complete DIY Sauna Plans — the ultimate sauna building plans package for anyone ready to build a sauna from scratch! Whether you're planning an outdoor sauna design for Get the complete step-by-step woodworking blueprint for only $7.80. Instant digital download. 💛 Save this pin to build later! #outdoorfurniture #backyardideas #diyoutdoor #pergolaplans #deckideas #patio #outdoorliving #backyard #diywoodworking #woodworkingplans #outdoordiy #gar,https://eleswooddesigns.com/products/modern-outdoor-sauna-plans-4-person-diy-cabin-blueprint-instant-download/,https://i.etsystatic.com/53333782/r/il/e82177/7769597506/il_fullxfull.7769597506_sah4.jpg,DIY Woodworking Plans
Modern Outdoor Sauna Plans Woodworking Plans — Only $7.80 | Beginner Friendly PDF,"This DIY project is one of our most-saved pins! Build your dream sauna with our complete DIY Sauna Plans — the ultimate sauna building plans package for anyone ready to build a sauna from scratch! Whether you're planning an outdoor sauna design for Download the full plans for $7.80 — includes cut list, 3D diagrams & material list. 📌 Save & share with your woodworking friends! #outdoorfurniture #backyardideas #diyoutdoor #pergolaplans #deckideas #patio #outdoorliving #backyard #diywoodworking #w",https://eleswooddesigns.com/products/modern-outdoor-sauna-plans-4-person-diy-cabin-blueprint-instant-download/,https://i.etsystatic.com/53333782/r/il/07f786/7769597494/il_fullxfull.7769597494_8or3.jpg,Backyard DIY Projects
Mid-Century Modern Bookshelf Plans | Geometric Asymmetrical Bookcase Blueprint (PDF Downlo | Step-by,"Give your living room, home office, or bedroom a furniture piece that's impossible to find in any store. These DIY Mid-Century Modern Bookshelf Plans PDF give you a complete woodworking blueprint for  ✅ Includes: woodworking_plans | side_table_plans | end_table_plans. Instant PDF download — Easy friendly. #diyfurniture #woodworkingplans #diywoodworking #furnitureplans #handmadefurniture #woodwork #buildyourown #diyprojects #homemade #woodworking #furnitureideas #diyhome #woodworkingproject #craf",https://eleswooddesigns.com/products/mid-century-modern-bookshelf-plans-geometric-asymmetrical-bookcase-blueprint-pdf-download/,https://eleswooddesigns.com/api/pin/mid-century-modern-bookshelf-plans-geometric-asymmetrical-bookcase-blueprint-pdf-download/pin.jpg,DIY Woodworking Plans
Build Your Own Mid-Century Modern Bookshelf Plans — Furniture PDF Plans | Instant Download,"70% OFF TODAY ONLY! Give your living room, home office, or bedroom a furniture piece that's impossible to find in any store. These DIY Mid-Century Modern Bookshelf Plans PDF give you a complete woodworking blueprint for  Get the complete step-by-step woodworking blueprint for only $3.00. Instant digital download. 💛 Save this pin to build later! #diyfurniture #woodworkingplans #diywoodworking #furnitureplans #handmadefurniture #woodwork #buildyourown #diyprojects #homemade #woodworking #furnitur",https://eleswooddesigns.com/products/mid-century-modern-bookshelf-plans-geometric-asymmetrical-bookcase-blueprint-pdf-download/,https://i.etsystatic.com/53333782/r/il/b932ee/7964573806/il_fullxfull.7964573806_n6lt.jpg,DIY Furniture Plans
Mid-Century Modern Bookshelf Plans Woodworking Plans — Only $3.00 | Beginner Friendly PDF,"This DIY project is one of our most-saved pins! Give your living room, home office, or bedroom a furniture piece that's impossible to find in any store. These DIY Mid-Century Modern Bookshelf Plans PDF give you a complete woodworking blueprint for  Download the full plans for $3.00 — includes cut list, 3D diagrams & material list. 📌 Save & share with your woodworking friends! #diyfurniture #woodworkingplans #diywoodworking #furnitureplans #handmadefurniture #woodwork #buildyourown #diyprojects ",https://eleswooddesigns.com/products/mid-century-modern-bookshelf-plans-geometric-asymmetrical-bookcase-blueprint-pdf-download/,https://i.etsystatic.com/53333782/r/il/0a00d2/8012531147/il_fullxfull.8012531147_2ylk.jpg,Woodworking Projects for Beginners
DIY Lean-To Greenhouse Plans | Wood Patio Garden Glasshouse Blueprint (PDF Download) | Step-by-Step ,Build a beautiful lean-to greenhouse that attaches directly to an existing wall or fence with these complete diy greenhouse woodworking plans — a wood polycarbonate greenhouse design perfect for patio ✅ Includes: greenhouse_plans | t_shape_greenhouse | diy_greenhouse. Instant PDF download — Easy friendly. #diyfurniture #woodworkingplans #diywoodworking #furnitureplans #handmadefurniture #woodwork #buildyourown #diyprojects #homemade #woodworking #furnitureideas #diyhome #woodworkingproject #craf,https://eleswooddesigns.com/products/diy-lean-to-greenhouse-plans-wood-patio-garden-glasshouse-blueprint-pdf-download/,https://eleswooddesigns.com/api/pin/diy-lean-to-greenhouse-plans-wood-patio-garden-glasshouse-blueprint-pdf-download/pin.jpg,DIY Woodworking Plans
Build Your Own DIY Lean-To Greenhouse Plans — Furniture PDF Plans | Instant Download,70% OFF TODAY ONLY! Build a beautiful lean-to greenhouse that attaches directly to an existing wall or fence with these complete diy greenhouse woodworking plans — a wood polycarbonate greenhouse design perfect for patio Get the complete step-by-step woodworking blueprint for only $7.05. Instant digital download. 💛 Save this pin to build later! #diyfurniture #woodworkingplans #diywoodworking #furnitureplans #handmadefurniture #woodwork #buildyourown #diyprojects #homemade #woodworking #furnitur,https://eleswooddesigns.com/products/diy-lean-to-greenhouse-plans-wood-patio-garden-glasshouse-blueprint-pdf-download/,https://i.etsystatic.com/53333782/r/il/fc01cb/7962262961/il_fullxfull.7962262961_6037.jpg,DIY Furniture Plans
DIY Lean-To Greenhouse Plans Woodworking Plans — Only $7.05 | Beginner Friendly PDF,"This DIY project is one of our most-saved pins! Build a beautiful lean-to greenhouse that attaches directly to an existing wall or fence with these complete diy greenhouse woodworking plans — a wood polycarbonate greenhouse design perfect for patio Download the full plans for $7.05 — includes cut list, 3D diagrams & material list. 📌 Save & share with your woodworking friends! #diyfurniture #woodworkingplans #diywoodworking #furnitureplans #handmadefurniture #woodwork #buildyourown #diyprojects ",https://eleswooddesigns.com/products/diy-lean-to-greenhouse-plans-wood-patio-garden-glasshouse-blueprint-pdf-download/,https://i.etsystatic.com/53333782/r/il/c03018/7962263005/il_fullxfull.7962263005_eqoy.jpg,Woodworking Projects for Beginners
DIY Planter Box Plans | Zero-Waste Cedar Fence Picket Design (PDF Download) | Step-by-Step PDF,"Build your own stunning DIY Planter Box with these step-by-step PDF Woodworking Plans — a zero-waste Fence Picket Planter design perfect for any garden, patio, or porch. Whether you're after Cedar Pla ✅ Includes: DIY_Planter_Plans | Garden_Box_DIY | Fence_Picket_Planter. Instant PDF download — Easy friendly. #diygarden #gardenproject #raisedbed #gardenbed #gardendesign #diygardenbed #backyardgarden #vegetablegarden #woodworkingplans #diywoodworking #gardenideas #outdoorgarden #gardenbed #planter",https://eleswooddesigns.com/products/diy-planter-box-plans-zero-waste-cedar-fence-picket-design-pdf-download/,https://eleswooddesigns.com/api/pin/diy-planter-box-plans-zero-waste-cedar-fence-picket-design-pdf-download/pin.jpg,DIY Garden Woodworking Plans
Build Your Own DIY Planter Box Plans — Garden PDF Plans | Instant Download,"70% OFF TODAY ONLY! Build your own stunning DIY Planter Box with these step-by-step PDF Woodworking Plans — a zero-waste Fence Picket Planter design perfect for any garden, patio, or porch. Whether you're after Cedar Pla Get the complete step-by-step woodworking blueprint for only $4.69. Instant digital download. 💛 Save this pin to build later! #diygarden #gardenproject #raisedbed #gardenbed #gardendesign #diygardenbed #backyardgarden #vegetablegarden #woodworkingplans #diywoodworking #gardenid",https://eleswooddesigns.com/products/diy-planter-box-plans-zero-waste-cedar-fence-picket-design-pdf-download/,https://i.etsystatic.com/53333782/r/il/be59e0/7976597973/il_fullxfull.7976597973_1l5e.jpg,DIY Woodworking Plans
DIY Planter Box Plans Woodworking Plans — Only $4.69 | Beginner Friendly PDF,"This DIY project is one of our most-saved pins! Build your own stunning DIY Planter Box with these step-by-step PDF Woodworking Plans — a zero-waste Fence Picket Planter design perfect for any garden, patio, or porch. Whether you're after Cedar Pla Download the full plans for $4.69 — includes cut list, 3D diagrams & material list. 📌 Save & share with your woodworking friends! #diygarden #gardenproject #raisedbed #gardenbed #gardendesign #diygardenbed #backyardgarden #vegetablegarden #woodworkin",https://eleswooddesigns.com/products/diy-planter-box-plans-zero-waste-cedar-fence-picket-design-pdf-download/,https://i.etsystatic.com/53333782/r/il/a3e272/7976598039/il_fullxfull.7976598039_cmp3.jpg,Garden Ideas & Projects
"Outdoor Plan PDF, Folding Wooden Patio Bar Blueprint, Portable Home (Digital Download) | Step-by-Ste","Craft Your Perfect Outdoor Bar with Our Portable & Collapsible Wooden Bar Plans! BUILD YOUR OWN BACKYARD BAR Looking for a versatile, stylish solution for your next gathering? This DIY Outdoor Bar Pla ✅ Includes: outdoor_bar_plan | diy_folding_bar | patio_bar_blueprint. Instant PDF download — Easy friendly. #diyfurniture #woodworkingplans #diywoodworking #furnitureplans #handmadefurniture #woodwork #buildyourown #diyprojects #homemade #woodworking #furnitureideas #diyhome #woodworkingproject #cr",https://eleswooddesigns.com/products/outdoor-plan-pdf-folding-wooden-patio-bar-blueprint-portable-home-digital-download/,https://eleswooddesigns.com/api/pin/outdoor-plan-pdf-folding-wooden-patio-bar-blueprint-portable-home-digital-download/pin.jpg,DIY Woodworking Plans
"Build Your Own Outdoor Plan PDF, Folding Wooden Patio Bar Blueprint, Portab — Furniture PDF Plans | ","70% OFF TODAY ONLY! Craft Your Perfect Outdoor Bar with Our Portable & Collapsible Wooden Bar Plans! BUILD YOUR OWN BACKYARD BAR Looking for a versatile, stylish solution for your next gathering? This DIY Outdoor Bar Pla Get the complete step-by-step woodworking blueprint for only $9.30. Instant digital download. 💛 Save this pin to build later! #diyfurniture #woodworkingplans #diywoodworking #furnitureplans #handmadefurniture #woodwork #buildyourown #diyprojects #homemade #woodworking #furnitur",https://eleswooddesigns.com/products/outdoor-plan-pdf-folding-wooden-patio-bar-blueprint-portable-home-digital-download/,https://i.etsystatic.com/53333782/r/il/dfe117/8230978692/il_fullxfull.8230978692_et1n.jpg,DIY Furniture Plans
"Outdoor Plan PDF, Folding Wooden Patio Bar Blueprint, Portab Woodworking Plans — Only $9.30 | Beginn","This DIY project is one of our most-saved pins! Craft Your Perfect Outdoor Bar with Our Portable & Collapsible Wooden Bar Plans! BUILD YOUR OWN BACKYARD BAR Looking for a versatile, stylish solution for your next gathering? This DIY Outdoor Bar Pla Download the full plans for $9.30 — includes cut list, 3D diagrams & material list. 📌 Save & share with your woodworking friends! #diyfurniture #woodworkingplans #diywoodworking #furnitureplans #handmadefurniture #woodwork #buildyourown #diyprojects ",https://eleswooddesigns.com/products/outdoor-plan-pdf-folding-wooden-patio-bar-blueprint-portable-home-digital-download/,https://i.etsystatic.com/53333782/r/il/1807ad/8230978474/il_fullxfull.8230978474_1dov.jpg,Woodworking Projects for Beginners
Printable American Mahjong Tiles PDF | Complete 4-Suit Set (Digital Download) | Step-by-Step PDF,"Learn, teach, and practice American Mahjong with a complete set of tiles you can print at home. This Printable American Mah Jongg Tiles PDF gives you a full-color, print-ready tile set designed for ef ✅ Includes: American_Mahjong | Mahjong_Printable | Mahjong_Practice. Instant PDF download — Easy friendly. #printable #instantdownload #digitaldowload #diycraft #homedecor #printabledecor #diyprintable #freeprintable #partyprintable #digitalcraft #craftideas #papercraft #printabledesign #homedecora",https://eleswooddesigns.com/products/printable-american-mahjong-tiles-pdf-complete-4-suit-set-digital-download/,https://eleswooddesigns.com/api/pin/printable-american-mahjong-tiles-pdf-complete-4-suit-set-digital-download/pin.jpg,Printable Games & Digital Crafts
Build Your Own Printable American Mahjong Tiles PDF — Digital PDF Plans | Instant Download,"70% OFF TODAY ONLY! Learn, teach, and practice American Mahjong with a complete set of tiles you can print at home. This Printable American Mah Jongg Tiles PDF gives you a full-color, print-ready tile set designed for ef Get the complete step-by-step woodworking blueprint for only $5.10. Instant digital download. 💛 Save this pin to build later! #printable #instantdownload #digitaldowload #diycraft #homedecor #printabledecor #diyprintable #freeprintable #partyprintable #digitalcraft #craftideas ",https://eleswooddesigns.com/products/printable-american-mahjong-tiles-pdf-complete-4-suit-set-digital-download/,https://i.etsystatic.com/53333782/r/il/d8ef59/8001340358/il_fullxfull.8001340358_ch37.jpg,DIY Woodworking Plans
Printable American Mahjong Tiles PDF Woodworking Plans — Only $5.10 | Beginner Friendly PDF,"This DIY project is one of our most-saved pins! Learn, teach, and practice American Mahjong with a complete set of tiles you can print at home. This Printable American Mah Jongg Tiles PDF gives you a full-color, print-ready tile set designed for ef Download the full plans for $5.10 — includes cut list, 3D diagrams & material list. 📌 Save & share with your woodworking friends! #printable #instantdownload #digitaldowload #diycraft #homedecor #printabledecor #diyprintable #freeprintable #partyprin",https://eleswooddesigns.com/products/printable-american-mahjong-tiles-pdf-complete-4-suit-set-digital-download/,https://i.etsystatic.com/53333782/r/il/45c365/8049269759/il_fullxfull.8049269759_c7ib.jpg,Instant Download Printables
DIY Full Size Loft Bed Plans | Built-In Stair Shelves & Storage Woodworking Blueprint PDF | Step-by-,Build a rock-solid full size loft bed with built-in stair shelves and generous under-bed clearance with these complete woodworking plans — a beginner wood build designed for parents and DIYers who wan ✅ Includes: full_size_loft_bed | loft_bed_plan_PDF | bed_with_stairs. Instant PDF download — Easy friendly. #kidsfurniture #diykids #playhouse #treehouse #kidsroom #outdoorplay #kidsdiy #familyproject #diywoodworking #woodworkingplans #childrensfurniture #playroom #kidsoutdoor #backyardplay #kidscr,https://eleswooddesigns.com/products/diy-full-size-loft-bed-plans-built-in-stair-shelves-storage-woodworking-blueprint-pdf/,https://eleswooddesigns.com/api/pin/diy-full-size-loft-bed-plans-built-in-stair-shelves-storage-woodworking-blueprint-pdf/pin.jpg,DIY Kids Woodworking Plans
Build Your Own DIY Full Size Loft Bed Plans — Kids PDF Plans | Instant Download,70% OFF TODAY ONLY! Build a rock-solid full size loft bed with built-in stair shelves and generous under-bed clearance with these complete woodworking plans — a beginner wood build designed for parents and DIYers who wan Get the complete step-by-step woodworking blueprint for only $7.20. Instant digital download. 💛 Save this pin to build later! #kidsfurniture #diykids #playhouse #treehouse #kidsroom #outdoorplay #kidsdiy #familyproject #diywoodworking #woodworkingplans #childrensfurniture #play,https://eleswooddesigns.com/products/diy-full-size-loft-bed-plans-built-in-stair-shelves-storage-woodworking-blueprint-pdf/,https://i.etsystatic.com/53333782/r/il/92ba7c/7925512926/il_fullxfull.7925512926_khsh.jpg,DIY Woodworking Plans
DIY Full Size Loft Bed Plans Woodworking Plans — Only $7.20 | Beginner Friendly PDF,"This DIY project is one of our most-saved pins! Build a rock-solid full size loft bed with built-in stair shelves and generous under-bed clearance with these complete woodworking plans — a beginner wood build designed for parents and DIYers who wan Download the full plans for $7.20 — includes cut list, 3D diagrams & material list. 📌 Save & share with your woodworking friends! #kidsfurniture #diykids #playhouse #treehouse #kidsroom #outdoorplay #kidsdiy #familyproject #diywoodworking #woodworkin",https://eleswooddesigns.com/products/diy-full-size-loft-bed-plans-built-in-stair-shelves-storage-woodworking-blueprint-pdf/,https://i.etsystatic.com/53333782/r/il/aeb3da/7925512824/il_fullxfull.7925512824_2ah5.jpg,Kids Outdoor Play Ideas
"10x24 Gazebo Build Plans | DIY Backyard Pergola, Pavilion Guide (PDF Download) | Step-by-Step PDF","Build your own 10x24 backyard gazebo with a complete, easy-to-follow PDF plan set — instant download, no waiting. There's something special about stepping outside into a space you built with your own  ✅ Includes: 10x24_Gazebo_Plan | Gazebo_Building_PDF | DIY_Pergola_Guide. Instant PDF download — Medium friendly. #outdoorfurniture #backyardideas #diyoutdoor #pergolaplans #deckideas #patio #outdoorliving #backyard #diywoodworking #woodworkingplans #outdoordiy #gardendesign #deckdecor #patiodesign ",https://eleswooddesigns.com/products/10x24-gazebo-build-plans-diy-backyard-pergola-pavilion-guide-pdf-download/,https://eleswooddesigns.com/api/pin/10x24-gazebo-build-plans-diy-backyard-pergola-pavilion-guide-pdf-download/pin.jpg,DIY Outdoor Woodworking Plans
Build Your Own 10x24 Gazebo Build Plans — Outdoor PDF Plans | Instant Download,"70% OFF TODAY ONLY! Build your own 10x24 backyard gazebo with a complete, easy-to-follow PDF plan set — instant download, no waiting. There's something special about stepping outside into a space you built with your own  Get the complete step-by-step woodworking blueprint for only $9.30. Instant digital download. 💛 Save this pin to build later! #outdoorfurniture #backyardideas #diyoutdoor #pergolaplans #deckideas #patio #outdoorliving #backyard #diywoodworking #woodworkingplans #outdoordiy #gar",https://eleswooddesigns.com/products/10x24-gazebo-build-plans-diy-backyard-pergola-pavilion-guide-pdf-download/,https://i.etsystatic.com/53333782/r/il/81b13c/8310632717/il_fullxfull.8310632717_3tbo.jpg,DIY Woodworking Plans
10x24 Gazebo Build Plans Woodworking Plans — Only $9.30 | Beginner Friendly PDF,"This DIY project is one of our most-saved pins! Build your own 10x24 backyard gazebo with a complete, easy-to-follow PDF plan set — instant download, no waiting. There's something special about stepping outside into a space you built with your own  Download the full plans for $9.30 — includes cut list, 3D diagrams & material list. 📌 Save & share with your woodworking friends! #outdoorfurniture #backyardideas #diyoutdoor #pergolaplans #deckideas #patio #outdoorliving #backyard #diywoodworking #w",https://eleswooddesigns.com/products/10x24-gazebo-build-plans-diy-backyard-pergola-pavilion-guide-pdf-download/,https://i.etsystatic.com/53333782/r/il/fe96ea/8262720222/il_fullxfull.8262720222_ez0b.jpg,Backyard DIY Projects
DIY Building Block & Train Table Plans PDF | Kids Activity Table Blueprint | Montessori To | Step-by,"Give your kids a dedicated spot to build, play, and create with this DIY Lego and train table plan — a multi-purpose kids activity table that keeps bricks, tracks, and craft supplies organized in one  ✅ Includes: Lego_Table_Plan | Train_Table_Build | Kids_Activity_Table. Instant PDF download — Medium friendly. #diyfurniture #woodworkingplans #diywoodworking #furnitureplans #handmadefurniture #woodwork #buildyourown #diyprojects #homemade #woodworking #furnitureideas #diyhome #woodworkingproject ",https://eleswooddesigns.com/products/diy-building-block-train-table-plans-pdf-kids-activity-table-blueprint-montessori-toy-storage-build-playroom-furniture/,https://eleswooddesigns.com/api/pin/diy-building-block-train-table-plans-pdf-kids-activity-table-blueprint-montessori-toy-storage-build-playroom-furniture/pin.jpg,DIY Woodworking Plans
Build Your Own DIY Building Block & Train Table Plans PDF — Furniture PDF Plans | Instant Download,"70% OFF TODAY ONLY! Give your kids a dedicated spot to build, play, and create with this DIY Lego and train table plan — a multi-purpose kids activity table that keeps bricks, tracks, and craft supplies organized in one  Get the complete step-by-step woodworking blueprint for only $3.81. Instant digital download. 💛 Save this pin to build later! #diyfurniture #woodworkingplans #diywoodworking #furnitureplans #handmadefurniture #woodwork #buildyourown #diyprojects #homemade #woodworking #furnitur",https://eleswooddesigns.com/products/diy-building-block-train-table-plans-pdf-kids-activity-table-blueprint-montessori-toy-storage-build-playroom-furniture/,https://i.etsystatic.com/53333782/r/il/db2ed0/8314997345/il_fullxfull.8314997345_83tw.jpg,DIY Furniture Plans
DIY Building Block & Train Table Plans PDF Woodworking Plans — Only $3.81 | Beginner Friendly PDF,"This DIY project is one of our most-saved pins! Give your kids a dedicated spot to build, play, and create with this DIY Lego and train table plan — a multi-purpose kids activity table that keeps bricks, tracks, and craft supplies organized in one  Download the full plans for $3.81 — includes cut list, 3D diagrams & material list. 📌 Save & share with your woodworking friends! #diyfurniture #woodworkingplans #diywoodworking #furnitureplans #handmadefurniture #woodwork #buildyourown #diyprojects ",https://eleswooddesigns.com/products/diy-building-block-train-table-plans-pdf-kids-activity-table-blueprint-montessori-toy-storage-build-playroom-furniture/,https://i.etsystatic.com/53333782/r/il/2f0411/8267084306/il_fullxfull.8267084306_j1bn.jpg,Woodworking Projects for Beginners
DIY 13 FT Wooden Windmill Plans: Rustic Farmhouse Yard Decor (Digital Download) | Step-by-Step PDF,Build a Landmark: DIY 4 Meter (13 FT) Wooden Windmill Plans Stop searching for Garden Windmill perfection—build it yourself! Give your yard that unique Farmhouse charm with our comprehensive DIY Woode ✅ Includes: windmill_plans | windmill_art | large_windmill. Instant PDF download — Easy friendly. #outdoorfurniture #backyardideas #diyoutdoor #pergolaplans #deckideas #patio #outdoorliving #backyard #diywoodworking #woodworkingplans #outdoordiy #gardendesign #deckdecor #patiodesign #backyarddiy #o,https://eleswooddesigns.com/products/diy-13-ft-wooden-windmill-plans-rustic-farmhouse-yard-decor-digital-download/,https://eleswooddesigns.com/api/pin/diy-13-ft-wooden-windmill-plans-rustic-farmhouse-yard-decor-digital-download/pin.jpg,DIY Outdoor Woodworking Plans
Build Your Own DIY 13 FT Wooden Windmill Plans — Outdoor PDF Plans | Instant Download,70% OFF TODAY ONLY! Build a Landmark: DIY 4 Meter (13 FT) Wooden Windmill Plans Stop searching for Garden Windmill perfection—build it yourself! Give your yard that unique Farmhouse charm with our comprehensive DIY Woode Get the complete step-by-step woodworking blueprint for only $6.29. Instant digital download. 💛 Save this pin to build later! #outdoorfurniture #backyardideas #diyoutdoor #pergolaplans #deckideas #patio #outdoorliving #backyard #diywoodworking #woodworkingplans #outdoordiy #gar,https://eleswooddesigns.com/products/diy-13-ft-wooden-windmill-plans-rustic-farmhouse-yard-decor-digital-download/,https://i.etsystatic.com/53333782/r/il/9d758d/7249006192/il_fullxfull.7249006192_3aa7.jpg,DIY Woodworking Plans
DIY 13 FT Wooden Windmill Plans Woodworking Plans — Only $6.29 | Beginner Friendly PDF,"This DIY project is one of our most-saved pins! Build a Landmark: DIY 4 Meter (13 FT) Wooden Windmill Plans Stop searching for Garden Windmill perfection—build it yourself! Give your yard that unique Farmhouse charm with our comprehensive DIY Woode Download the full plans for $6.29 — includes cut list, 3D diagrams & material list. 📌 Save & share with your woodworking friends! #outdoorfurniture #backyardideas #diyoutdoor #pergolaplans #deckideas #patio #outdoorliving #backyard #diywoodworking #w",https://eleswooddesigns.com/products/diy-13-ft-wooden-windmill-plans-rustic-farmhouse-yard-decor-digital-download/,https://i.etsystatic.com/53333782/r/il/4ecb5c/7249006110/il_fullxfull.7249006110_8joo.jpg,Backyard DIY Projects
DIY Outdoor TV Stand Plans | Pergola Backyard Cinema Frame (PDF Download) | Step-by-Step PDF,DIY Outdoor TV Stand Plans PDF Turn your backyard into the ultimate outdoor entertainment space with these professional DIY Outdoor TV Stand Plans. This detailed PDF blueprint shows you exactly how to ✅ Includes: outdoor_tv_stand | tv_stand_plans | projector_frame. Instant PDF download — Medium friendly. #outdoorfurniture #backyardideas #diyoutdoor #pergolaplans #deckideas #patio #outdoorliving #backyard #diywoodworking #woodworkingplans #outdoordiy #gardendesign #deckdecor #patiodesign #backyar,https://eleswooddesigns.com/products/diy-outdoor-tv-stand-plans-pergola-backyard-cinema-frame-pdf-download/,https://eleswooddesigns.com/api/pin/diy-outdoor-tv-stand-plans-pergola-backyard-cinema-frame-pdf-download/pin.jpg,DIY Outdoor Woodworking Plans
Build Your Own DIY Outdoor TV Stand Plans — Outdoor PDF Plans | Instant Download,70% OFF TODAY ONLY! DIY Outdoor TV Stand Plans PDF Turn your backyard into the ultimate outdoor entertainment space with these professional DIY Outdoor TV Stand Plans. This detailed PDF blueprint shows you exactly how to Get the complete step-by-step woodworking blueprint for only $3.81. Instant digital download. 💛 Save this pin to build later! #outdoorfurniture #backyardideas #diyoutdoor #pergolaplans #deckideas #patio #outdoorliving #backyard #diywoodworking #woodworkingplans #outdoordiy #gar,https://eleswooddesigns.com/products/diy-outdoor-tv-stand-plans-pergola-backyard-cinema-frame-pdf-download/,https://i.etsystatic.com/53333782/r/il/1e4dcc/8398525353/il_fullxfull.8398525353_ozxw.jpg,DIY Woodworking Plans
DIY Outdoor TV Stand Plans Woodworking Plans — Only $3.81 | Beginner Friendly PDF,"This DIY project is one of our most-saved pins! DIY Outdoor TV Stand Plans PDF Turn your backyard into the ultimate outdoor entertainment space with these professional DIY Outdoor TV Stand Plans. This detailed PDF blueprint shows you exactly how to Download the full plans for $3.81 — includes cut list, 3D diagrams & material list. 📌 Save & share with your woodworking friends! #outdoorfurniture #backyardideas #diyoutdoor #pergolaplans #deckideas #patio #outdoorliving #backyard #diywoodworking #w",https://eleswooddesigns.com/products/diy-outdoor-tv-stand-plans-pergola-backyard-cinema-frame-pdf-download/,https://i.etsystatic.com/53333782/r/il/f7cb6f/8350638596/il_fullxfull.8350638596_ebzq.jpg,Backyard DIY Projects
DIY Wardrobe Plans | Montessori Kids Closet Blueprint (PDF Download) | Step-by-Step PDF,Stop squeezing clothes into a chest of drawers that was never designed for the job. These DIY Wardrobe Plans PDF give you a complete woodworking blueprint for a spacious closet storage cabinet — doubl ✅ Includes: diy_wardrobe_plans | montessori_wardrobe | DIY_Kids_wardrobe. Instant PDF download — Easy friendly. #diyfurniture #woodworkingplans #diywoodworking #furnitureplans #handmadefurniture #woodwork #buildyourown #diyprojects #homemade #woodworking #furnitureideas #diyhome #woodworkingproject,https://eleswooddesigns.com/products/diy-wardrobe-plans-montessori-kids-closet-blueprint-pdf-download/,https://eleswooddesigns.com/api/pin/diy-wardrobe-plans-montessori-kids-closet-blueprint-pdf-download/pin.jpg,DIY Woodworking Plans
Build Your Own DIY Wardrobe Plans — Furniture PDF Plans | Instant Download,70% OFF TODAY ONLY! Stop squeezing clothes into a chest of drawers that was never designed for the job. These DIY Wardrobe Plans PDF give you a complete woodworking blueprint for a spacious closet storage cabinet — doubl Get the complete step-by-step woodworking blueprint for only $6.75. Instant digital download. 💛 Save this pin to build later! #diyfurniture #woodworkingplans #diywoodworking #furnitureplans #handmadefurniture #woodwork #buildyourown #diyprojects #homemade #woodworking #furnitur,https://eleswooddesigns.com/products/diy-wardrobe-plans-montessori-kids-closet-blueprint-pdf-download/,https://i.etsystatic.com/53333782/r/il/a20803/8006435091/il_fullxfull.8006435091_p1cg.jpg,DIY Furniture Plans
DIY Wardrobe Plans Woodworking Plans — Only $6.75 | Beginner Friendly PDF,"This DIY project is one of our most-saved pins! Stop squeezing clothes into a chest of drawers that was never designed for the job. These DIY Wardrobe Plans PDF give you a complete woodworking blueprint for a spacious closet storage cabinet — doubl Download the full plans for $6.75 — includes cut list, 3D diagrams & material list. 📌 Save & share with your woodworking friends! #diyfurniture #woodworkingplans #diywoodworking #furnitureplans #handmadefurniture #woodwork #buildyourown #diyprojects ",https://eleswooddesigns.com/products/diy-wardrobe-plans-montessori-kids-closet-blueprint-pdf-download/,https://i.etsystatic.com/53333782/r/il/cb7c47/7958479248/il_fullxfull.7958479248_lhdq.jpg,Woodworking Projects for Beginners
Large Cigar Humidor Cabinet Plan | DIY Glass Door Display Case PDF | Woodworking Blueprint | Step-by,Build a large cigar humidor cabinet with this detailed DIY furniture plan — a glass door display case designed for serious collectors and woodworkers. This step-by-step blueprint gives you everything  ✅ Includes: Cigar_Humidor_Plan | DIY_Cigar_Cabinet | Large_Humidor_Build. Instant PDF download — Medium friendly. #diyfurniture #woodworkingplans #diywoodworking #furnitureplans #handmadefurniture #woodwork #buildyourown #diyprojects #homemade #woodworking #furnitureideas #diyhome #woodworkingproje,https://eleswooddesigns.com/products/large-cigar-humidor-cabinet-plan-diy-glass-door-display-case-pdf-woodworking-blueprint-gift-for-cigar-lovers/,https://eleswooddesigns.com/api/pin/large-cigar-humidor-cabinet-plan-diy-glass-door-display-case-pdf-woodworking-blueprint-gift-for-cigar-lovers/pin.jpg,DIY Woodworking Plans
Build Your Own Large Cigar Humidor Cabinet Plan — Furniture PDF Plans | Instant Download,70% OFF TODAY ONLY! Build a large cigar humidor cabinet with this detailed DIY furniture plan — a glass door display case designed for serious collectors and woodworkers. This step-by-step blueprint gives you everything  Get the complete step-by-step woodworking blueprint for only $3.81. Instant digital download. 💛 Save this pin to build later! #diyfurniture #woodworkingplans #diywoodworking #furnitureplans #handmadefurniture #woodwork #buildyourown #diyprojects #homemade #woodworking #furnitur,https://eleswooddesigns.com/products/large-cigar-humidor-cabinet-plan-diy-glass-door-display-case-pdf-woodworking-blueprint-gift-for-cigar-lovers/,https://i.etsystatic.com/53333782/r/il/6391fb/8262850232/il_fullxfull.8262850232_87er.jpg,DIY Furniture Plans
Large Cigar Humidor Cabinet Plan Woodworking Plans — Only $3.81 | Beginner Friendly PDF,"This DIY project is one of our most-saved pins! Build a large cigar humidor cabinet with this detailed DIY furniture plan — a glass door display case designed for serious collectors and woodworkers. This step-by-step blueprint gives you everything  Download the full plans for $3.81 — includes cut list, 3D diagrams & material list. 📌 Save & share with your woodworking friends! #diyfurniture #woodworkingplans #diywoodworking #furnitureplans #handmadefurniture #woodwork #buildyourown #diyprojects ",https://eleswooddesigns.com/products/large-cigar-humidor-cabinet-plan-diy-glass-door-display-case-pdf-woodworking-blueprint-gift-for-cigar-lovers/,https://i.etsystatic.com/53333782/r/il/ca5809/8310762313/il_fullxfull.8310762313_2ybt.jpg,Woodworking Projects for Beginners
"DIY Curved Window Catio Plans, Outdoor Cat Enclosure Build Guide (Digital Download) | Step-by-Step P","Give Your Indoor Cat the Purr-fect Outdoor Experience with DIY Window Catio Plans! A SAFE OUTDOOR ESCAPE FOR YOUR CAT Does your feline friend love watching birds from the window? Give them a safe, bre ✅ Includes: window_catio_plan | cat_enclosure_diy | outdoor_cat_cage. Instant PDF download — Medium friendly. #outdoorfurniture #backyardideas #diyoutdoor #pergolaplans #deckideas #patio #outdoorliving #backyard #diywoodworking #woodworkingplans #outdoordiy #gardendesign #deckdecor #patiodesign #ba",https://eleswooddesigns.com/products/diy-curved-window-catio-plans-outdoor-cat-enclosure-build-guide-digital-download/,https://eleswooddesigns.com/api/pin/diy-curved-window-catio-plans-outdoor-cat-enclosure-build-guide-digital-download/pin.jpg,DIY Outdoor Woodworking Plans
"Build Your Own DIY Curved Window Catio Plans, Outdoor Cat Enclosure Build G — Outdoor PDF Plans | In","70% OFF TODAY ONLY! Give Your Indoor Cat the Purr-fect Outdoor Experience with DIY Window Catio Plans! A SAFE OUTDOOR ESCAPE FOR YOUR CAT Does your feline friend love watching birds from the window? Give them a safe, bre Get the complete step-by-step woodworking blueprint for only $3.00. Instant digital download. 💛 Save this pin to build later! #outdoorfurniture #backyardideas #diyoutdoor #pergolaplans #deckideas #patio #outdoorliving #backyard #diywoodworking #woodworkingplans #outdoordiy #gar",https://eleswooddesigns.com/products/diy-curved-window-catio-plans-outdoor-cat-enclosure-build-guide-digital-download/,https://i.etsystatic.com/53333782/r/il/8e8a18/8242577898/il_fullxfull.8242577898_n32z.jpg,DIY Woodworking Plans
"DIY Curved Window Catio Plans, Outdoor Cat Enclosure Build G Woodworking Plans — Only $3.00 | Beginn","This DIY project is one of our most-saved pins! Give Your Indoor Cat the Purr-fect Outdoor Experience with DIY Window Catio Plans! A SAFE OUTDOOR ESCAPE FOR YOUR CAT Does your feline friend love watching birds from the window? Give them a safe, bre Download the full plans for $3.00 — includes cut list, 3D diagrams & material list. 📌 Save & share with your woodworking friends! #outdoorfurniture #backyardideas #diyoutdoor #pergolaplans #deckideas #patio #outdoorliving #backyard #diywoodworking #w",https://eleswooddesigns.com/products/diy-curved-window-catio-plans-outdoor-cat-enclosure-build-guide-digital-download/,https://i.etsystatic.com/53333782/r/il/1d8400/8242577904/il_fullxfull.8242577904_lzsz.jpg,Backyard DIY Projects
"DIY Mobile Food Cart Plans | Folding Vendor, Coffee, Wedding Bar Build (PDF Download) | Step-by-Step",DIY Mobile Food Cart With Roof – Professional Vendor Cart Woodworking Plans Build your own professional mobile serving cart using these detailed DIY woodworking plans. This design allows you to create ✅ Includes: mobile_bar_plan | coffee_cart_plan | food_cart_plans. Instant PDF download — Easy friendly. #outdoorfurniture #backyardideas #diyoutdoor #pergolaplans #deckideas #patio #outdoorliving #backyard #diywoodworking #woodworkingplans #outdoordiy #gardendesign #deckdecor #patiodesign #backyard,https://eleswooddesigns.com/products/diy-mobile-food-cart-plans-folding-vendor-coffee-wedding-bar-build-pdf-download/,https://eleswooddesigns.com/api/pin/diy-mobile-food-cart-plans-folding-vendor-coffee-wedding-bar-build-pdf-download/pin.jpg,DIY Outdoor Woodworking Plans
Build Your Own DIY Mobile Food Cart Plans — Outdoor PDF Plans | Instant Download,70% OFF TODAY ONLY! DIY Mobile Food Cart With Roof – Professional Vendor Cart Woodworking Plans Build your own professional mobile serving cart using these detailed DIY woodworking plans. This design allows you to create Get the complete step-by-step woodworking blueprint for only $9.00. Instant digital download. 💛 Save this pin to build later! #outdoorfurniture #backyardideas #diyoutdoor #pergolaplans #deckideas #patio #outdoorliving #backyard #diywoodworking #woodworkingplans #outdoordiy #gar,https://eleswooddesigns.com/products/diy-mobile-food-cart-plans-folding-vendor-coffee-wedding-bar-build-pdf-download/,https://i.etsystatic.com/53333782/r/il/2a427a/7787457920/il_fullxfull.7787457920_h6zw.jpg,DIY Woodworking Plans
DIY Mobile Food Cart Plans Woodworking Plans — Only $9.00 | Beginner Friendly PDF,"This DIY project is one of our most-saved pins! DIY Mobile Food Cart With Roof – Professional Vendor Cart Woodworking Plans Build your own professional mobile serving cart using these detailed DIY woodworking plans. This design allows you to create Download the full plans for $9.00 — includes cut list, 3D diagrams & material list. 📌 Save & share with your woodworking friends! #outdoorfurniture #backyardideas #diyoutdoor #pergolaplans #deckideas #patio #outdoorliving #backyard #diywoodworking #w",https://eleswooddesigns.com/products/diy-mobile-food-cart-plans-folding-vendor-coffee-wedding-bar-build-pdf-download/,https://i.etsystatic.com/53333782/r/il/9c98b3/7787478106/il_fullxfull.7787478106_ooa7.jpg,Backyard DIY Projects
2026 Mahjong Hand Tracker PDF | NMJL Card Download (Digital Download) | Step-by-Step PDF,"Never lose track of your winning hands again. This 2026 Mahjong Hand Tracker is a simple, beautifully designed one-page PDF that keeps everything you need right at your fingertips — updated for the cu ✅ Includes: mahjong_hand_tracker | mahjong_cheat_sheet | mahjong_tracker. Instant PDF download — Easy friendly. #printable #instantdownload #digitaldowload #diycraft #homedecor #printabledecor #diyprintable #freeprintable #partyprintable #digitalcraft #craftideas #papercraft #printabledesign #homed",https://eleswooddesigns.com/products/2026-mahjong-hand-tracker-pdf-nmjl-card-download-digital-download/,https://eleswooddesigns.com/api/pin/2026-mahjong-hand-tracker-pdf-nmjl-card-download-digital-download/pin.jpg,Printable Games & Digital Crafts
Build Your Own 2026 Mahjong Hand Tracker PDF — Digital PDF Plans | Instant Download,"70% OFF TODAY ONLY! Never lose track of your winning hands again. This 2026 Mahjong Hand Tracker is a simple, beautifully designed one-page PDF that keeps everything you need right at your fingertips — updated for the cu Get the complete step-by-step woodworking blueprint for only $5.40. Instant digital download. 💛 Save this pin to build later! #printable #instantdownload #digitaldowload #diycraft #homedecor #printabledecor #diyprintable #freeprintable #partyprintable #digitalcraft #craftideas ",https://eleswooddesigns.com/products/2026-mahjong-hand-tracker-pdf-nmjl-card-download-digital-download/,https://i.etsystatic.com/53333782/r/il/ee0e0a/8049110243/il_fullxfull.8049110243_fqsk.jpg,DIY Woodworking Plans
2026 Mahjong Hand Tracker PDF Woodworking Plans — Only $5.40 | Beginner Friendly PDF,"This DIY project is one of our most-saved pins! Never lose track of your winning hands again. This 2026 Mahjong Hand Tracker is a simple, beautifully designed one-page PDF that keeps everything you need right at your fingertips — updated for the cu Download the full plans for $5.40 — includes cut list, 3D diagrams & material list. 📌 Save & share with your woodworking friends! #printable #instantdownload #digitaldowload #diycraft #homedecor #printabledecor #diyprintable #freeprintable #partyprin",https://eleswooddesigns.com/products/2026-mahjong-hand-tracker-pdf-nmjl-card-download-digital-download/,https://i.etsystatic.com/53333782/r/il/eb08c7/8001177154/il_fullxfull.8001177154_oxui.jpg,Instant Download Printables
Corner Bookshelf Plans PDF | Modern Freestanding Bookcase Blueprint (Digital Download) | Step-by-Ste,Stop wasting that awkward corner. These DIY Corner Bookshelf Plans PDF give you a complete woodworking blueprint for a stunning freestanding bookcase with integrated lower cabinet — open shelving up t ✅ Includes: DIY_bookshelf_plan | Wood_bookcase_PDF | Freestanding_shelf. Instant PDF download — Easy friendly. #diyfurniture #woodworkingplans #diywoodworking #furnitureplans #handmadefurniture #woodwork #buildyourown #diyprojects #homemade #woodworking #furnitureideas #diyhome #woodworkingproject ,https://eleswooddesigns.com/products/corner-bookshelf-plans-pdf-modern-freestanding-bookcase-blueprint-digital-download/,https://eleswooddesigns.com/api/pin/corner-bookshelf-plans-pdf-modern-freestanding-bookcase-blueprint-digital-download/pin.jpg,DIY Woodworking Plans
Build Your Own Corner Bookshelf Plans PDF — Furniture PDF Plans | Instant Download,70% OFF TODAY ONLY! Stop wasting that awkward corner. These DIY Corner Bookshelf Plans PDF give you a complete woodworking blueprint for a stunning freestanding bookcase with integrated lower cabinet — open shelving up t Get the complete step-by-step woodworking blueprint for only $3.81. Instant digital download. 💛 Save this pin to build later! #diyfurniture #woodworkingplans #diywoodworking #furnitureplans #handmadefurniture #woodwork #buildyourown #diyprojects #homemade #woodworking #furnitur,https://eleswooddesigns.com/products/corner-bookshelf-plans-pdf-modern-freestanding-bookcase-blueprint-digital-download/,https://i.etsystatic.com/53333782/r/il/22e8fa/7957486208/il_fullxfull.7957486208_76y0.jpg,DIY Furniture Plans
Corner Bookshelf Plans PDF Woodworking Plans — Only $3.81 | Beginner Friendly PDF,"This DIY project is one of our most-saved pins! Stop wasting that awkward corner. These DIY Corner Bookshelf Plans PDF give you a complete woodworking blueprint for a stunning freestanding bookcase with integrated lower cabinet — open shelving up t Download the full plans for $3.81 — includes cut list, 3D diagrams & material list. 📌 Save & share with your woodworking friends! #diyfurniture #woodworkingplans #diywoodworking #furnitureplans #handmadefurniture #woodwork #buildyourown #diyprojects ",https://eleswooddesigns.com/products/corner-bookshelf-plans-pdf-modern-freestanding-bookcase-blueprint-digital-download/,https://i.etsystatic.com/53333782/r/il/d89740/7957486356/il_fullxfull.7957486356_gnu1.jpg,Woodworking Projects for Beginners
"American Mahjong Tile SVG PNG Bundle, Cricut Pattern Files (Digital Download) | Step-by-Step PDF",🀄 Mahjong Pattern SVG & PNG Bundle | American Mahjong Tile Set Looking for high-quality Mahjong SVG files for your next creative project? You're in the right place! This bundle includes a full set of ✅ Includes: American_Mahjong_SVG | Mahjong_Tiles_SVG | Full_Mahjong_Set_SVG. Instant PDF download — Easy friendly. #printable #instantdownload #digitaldowload #diycraft #homedecor #printabledecor #diyprintable #freeprintable #partyprintable #digitalcraft #craftideas #papercraft #printabledesign #ho,https://eleswooddesigns.com/products/american-mahjong-tile-svg-png-bundle-cricut-pattern-files-digital-download/,https://eleswooddesigns.com/api/pin/american-mahjong-tile-svg-png-bundle-cricut-pattern-files-digital-download/pin.jpg,Printable Games & Digital Crafts
"Build Your Own American Mahjong Tile SVG PNG Bundle, Cricut Pattern Files ( — Digital PDF Plans | In",70% OFF TODAY ONLY! 🀄 Mahjong Pattern SVG & PNG Bundle | American Mahjong Tile Set Looking for high-quality Mahjong SVG files for your next creative project? You're in the right place! This bundle includes a full set of Get the complete step-by-step woodworking blueprint for only $2.70. Instant digital download. 💛 Save this pin to build later! #printable #instantdownload #digitaldowload #diycraft #homedecor #printabledecor #diyprintable #freeprintable #partyprintable #digitalcraft #craftideas ,https://eleswooddesigns.com/products/american-mahjong-tile-svg-png-bundle-cricut-pattern-files-digital-download/,https://i.etsystatic.com/53333782/r/il/a88d41/8001632604/il_fullxfull.8001632604_bnt2.jpg,DIY Woodworking Plans
"American Mahjong Tile SVG PNG Bundle, Cricut Pattern Files ( Woodworking Plans — Only $2.70 | Beginn","This DIY project is one of our most-saved pins! 🀄 Mahjong Pattern SVG & PNG Bundle | American Mahjong Tile Set Looking for high-quality Mahjong SVG files for your next creative project? You're in the right place! This bundle includes a full set of Download the full plans for $2.70 — includes cut list, 3D diagrams & material list. 📌 Save & share with your woodworking friends! #printable #instantdownload #digitaldowload #diycraft #homedecor #printabledecor #diyprintable #freeprintable #partyprin",https://eleswooddesigns.com/products/american-mahjong-tile-svg-png-bundle-cricut-pattern-files-digital-download/,https://i.etsystatic.com/53333782/r/il/67ba8e/8001639294/il_fullxfull.8001639294_f0h6.jpg,Instant Download Printables
DIY Collapsible Coffee Cart Plans PDF | Folding Mobile Bar Blueprint | Vendor Cart Woodwor | Step-by,Stop paying thousands for a custom vendor cart. These DIY Collapsible Coffee Cart Plans PDF give you a complete woodworking blueprint for a professional-grade folding mobile bar — Imperial (inches) an ✅ Includes: collapsible_cart | coffee_cart_plans | foldable_cart_plans. Instant PDF download — Easy friendly. #outdoorfurniture #backyardideas #diyoutdoor #pergolaplans #deckideas #patio #outdoorliving #backyard #diywoodworking #woodworkingplans #outdoordiy #gardendesign #deckdecor #patiodesign #ba,https://eleswooddesigns.com/products/diy-collapsible-coffee-cart-plans-pdf-folding-mobile-bar-blueprint-vendor-cart-woodworking-plans-imperial-metric/,https://eleswooddesigns.com/api/pin/diy-collapsible-coffee-cart-plans-pdf-folding-mobile-bar-blueprint-vendor-cart-woodworking-plans-imperial-metric/pin.jpg,DIY Outdoor Woodworking Plans
Build Your Own DIY Collapsible Coffee Cart Plans PDF — Outdoor PDF Plans | Instant Download,70% OFF TODAY ONLY! Stop paying thousands for a custom vendor cart. These DIY Collapsible Coffee Cart Plans PDF give you a complete woodworking blueprint for a professional-grade folding mobile bar — Imperial (inches) an Get the complete step-by-step woodworking blueprint for only $5.40. Instant digital download. 💛 Save this pin to build later! #outdoorfurniture #backyardideas #diyoutdoor #pergolaplans #deckideas #patio #outdoorliving #backyard #diywoodworking #woodworkingplans #outdoordiy #gar,https://eleswooddesigns.com/products/diy-collapsible-coffee-cart-plans-pdf-folding-mobile-bar-blueprint-vendor-cart-woodworking-plans-imperial-metric/,https://i.etsystatic.com/53333782/r/il/8c1f66/8023891945/il_fullxfull.8023891945_7287.jpg,DIY Woodworking Plans
DIY Collapsible Coffee Cart Plans PDF Woodworking Plans — Only $5.40 | Beginner Friendly PDF,"This DIY project is one of our most-saved pins! Stop paying thousands for a custom vendor cart. These DIY Collapsible Coffee Cart Plans PDF give you a complete woodworking blueprint for a professional-grade folding mobile bar — Imperial (inches) an Download the full plans for $5.40 — includes cut list, 3D diagrams & material list. 📌 Save & share with your woodworking friends! #outdoorfurniture #backyardideas #diyoutdoor #pergolaplans #deckideas #patio #outdoorliving #backyard #diywoodworking #w",https://eleswooddesigns.com/products/diy-collapsible-coffee-cart-plans-pdf-folding-mobile-bar-blueprint-vendor-cart-woodworking-plans-imperial-metric/,https://i.etsystatic.com/53333782/r/il/e72965/7286256555/il_fullxfull.7286256555_t8t2.jpg,Backyard DIY Projects
DIY Rolling Tool Station Plans | Mobile Woodworking Cabinet on Wheels (PDF Download) | Step-by-Step ,Build the Ultimate Mobile Tool & Storage Station! Maximize your workshop or craft room efficiency with this incredibly versatile DIY Rolling Tool Station Plan. Designed with mobility and maximum stora ✅ Includes: Rolling_Tool_Box | Tool_Station_Plan | Tool_Storage_Cabinet. Instant PDF download — Intermediate friendly. #diyfurniture #woodworkingplans #diywoodworking #furnitureplans #handmadefurniture #woodwork #buildyourown #diyprojects #homemade #woodworking #furnitureideas #diyhome #woodworking,https://eleswooddesigns.com/products/diy-rolling-tool-station-plans-mobile-woodworking-cabinet-on-wheels-pdf-download/,https://eleswooddesigns.com/api/pin/diy-rolling-tool-station-plans-mobile-woodworking-cabinet-on-wheels-pdf-download/pin.jpg,DIY Woodworking Plans
Build Your Own DIY Rolling Tool Station Plans — Furniture PDF Plans | Instant Download,70% OFF TODAY ONLY! Build the Ultimate Mobile Tool & Storage Station! Maximize your workshop or craft room efficiency with this incredibly versatile DIY Rolling Tool Station Plan. Designed with mobility and maximum stora Get the complete step-by-step woodworking blueprint for only $3.00. Instant digital download. 💛 Save this pin to build later! #diyfurniture #woodworkingplans #diywoodworking #furnitureplans #handmadefurniture #woodwork #buildyourown #diyprojects #homemade #woodworking #furnitur,https://eleswooddesigns.com/products/diy-rolling-tool-station-plans-mobile-woodworking-cabinet-on-wheels-pdf-download/,https://i.etsystatic.com/53333782/r/il/6a352b/8235946075/il_fullxfull.8235946075_4hp1.jpg,DIY Furniture Plans
DIY Rolling Tool Station Plans Woodworking Plans — Only $3.00 | Beginner Friendly PDF,"This DIY project is one of our most-saved pins! Build the Ultimate Mobile Tool & Storage Station! Maximize your workshop or craft room efficiency with this incredibly versatile DIY Rolling Tool Station Plan. Designed with mobility and maximum stora Download the full plans for $3.00 — includes cut list, 3D diagrams & material list. 📌 Save & share with your woodworking friends! #diyfurniture #woodworkingplans #diywoodworking #furnitureplans #handmadefurniture #woodwork #buildyourown #diyprojects ",https://eleswooddesigns.com/products/diy-rolling-tool-station-plans-mobile-woodworking-cabinet-on-wheels-pdf-download/,https://i.etsystatic.com/53333782/r/il/157318/8188021730/il_fullxfull.8188021730_r8sk.jpg,Woodworking Projects for Beginners
DIY Mobile Bar Cart Plans PDF: Collapsible Serving Cart Project | Step-by-Step PDF,Build Your Dream Event with the Ultimate DIY Mobile Serving Cart Plan! Turn your next event into something unforgettable with our step-by-step DIY cart blueprint. This is more than just a plan — it’s  ✅ Includes: Custom_food_cart | Charcuterie_cart | Food_cart. Instant PDF download — Easy friendly. #outdoorfurniture #backyardideas #diyoutdoor #pergolaplans #deckideas #patio #outdoorliving #backyard #diywoodworking #woodworkingplans #outdoordiy #gardendesign #deckdecor #patiodesign #backyarddiy #,https://eleswooddesigns.com/products/diy-mobile-bar-cart-plans-pdf-collapsible-serving-cart-project/,https://eleswooddesigns.com/api/pin/diy-mobile-bar-cart-plans-pdf-collapsible-serving-cart-project/pin.jpg,DIY Outdoor Woodworking Plans
Build Your Own DIY Mobile Bar Cart Plans PDF — Outdoor PDF Plans | Instant Download,70% OFF TODAY ONLY! Build Your Dream Event with the Ultimate DIY Mobile Serving Cart Plan! Turn your next event into something unforgettable with our step-by-step DIY cart blueprint. This is more than just a plan — it’s  Get the complete step-by-step woodworking blueprint for only $7.80. Instant digital download. 💛 Save this pin to build later! #outdoorfurniture #backyardideas #diyoutdoor #pergolaplans #deckideas #patio #outdoorliving #backyard #diywoodworking #woodworkingplans #outdoordiy #gar,https://eleswooddesigns.com/products/diy-mobile-bar-cart-plans-pdf-collapsible-serving-cart-project/,https://i.etsystatic.com/53333782/r/il/086841/7298293868/il_fullxfull.7298293868_jtij.jpg,DIY Woodworking Plans
DIY Mobile Bar Cart Plans PDF Woodworking Plans — Only $7.80 | Beginner Friendly PDF,"This DIY project is one of our most-saved pins! Build Your Dream Event with the Ultimate DIY Mobile Serving Cart Plan! Turn your next event into something unforgettable with our step-by-step DIY cart blueprint. This is more than just a plan — it’s  Download the full plans for $7.80 — includes cut list, 3D diagrams & material list. 📌 Save & share with your woodworking friends! #outdoorfurniture #backyardideas #diyoutdoor #pergolaplans #deckideas #patio #outdoorliving #backyard #diywoodworking #w",https://eleswooddesigns.com/products/diy-mobile-bar-cart-plans-pdf-collapsible-serving-cart-project/,https://i.etsystatic.com/53333782/r/il/552225/7346242773/il_fullxfull.7346242773_6fbo.jpg,Backyard DIY Projects
Two Seat Bench with Table DIY Plans – Outdoor Patio Woodworking PDF | Step-by-Step PDF,"Build your own two seat bench with middle table using these detailed bench plans PDF. This 2 person outdoor bench is perfect for patios, porches, and backyard spaces, combining comfortable seating wit ✅ Includes: two_seat_bench | bench_with_table | 2_person_bench. Instant PDF download — Easy friendly. #diyfurniture #woodworkingplans #diywoodworking #furnitureplans #handmadefurniture #woodwork #buildyourown #diyprojects #homemade #woodworking #furnitureideas #diyhome #woodworkingproject #craftsma",https://eleswooddesigns.com/products/two-seat-bench-with-table-diy-plans-outdoor-patio-woodworking-pdf/,https://eleswooddesigns.com/api/pin/two-seat-bench-with-table-diy-plans-outdoor-patio-woodworking-pdf/pin.jpg,DIY Woodworking Plans
Build Your Own Two Seat Bench with Table DIY Plans – Outdoor Patio Woodwork — Furniture PDF Plans | ,"70% OFF TODAY ONLY! Build your own two seat bench with middle table using these detailed bench plans PDF. This 2 person outdoor bench is perfect for patios, porches, and backyard spaces, combining comfortable seating wit Get the complete step-by-step woodworking blueprint for only $2.85. Instant digital download. 💛 Save this pin to build later! #diyfurniture #woodworkingplans #diywoodworking #furnitureplans #handmadefurniture #woodwork #buildyourown #diyprojects #homemade #woodworking #furnitur",https://eleswooddesigns.com/products/two-seat-bench-with-table-diy-plans-outdoor-patio-woodworking-pdf/,https://i.etsystatic.com/53333782/r/il/bddef3/7922559640/il_fullxfull.7922559640_8oc2.jpg,DIY Furniture Plans
Two Seat Bench with Table DIY Plans – Outdoor Patio Woodwork Woodworking Plans — Only $2.85 | Beginn,"This DIY project is one of our most-saved pins! Build your own two seat bench with middle table using these detailed bench plans PDF. This 2 person outdoor bench is perfect for patios, porches, and backyard spaces, combining comfortable seating wit Download the full plans for $2.85 — includes cut list, 3D diagrams & material list. 📌 Save & share with your woodworking friends! #diyfurniture #woodworkingplans #diywoodworking #furnitureplans #handmadefurniture #woodwork #buildyourown #diyprojects ",https://eleswooddesigns.com/products/two-seat-bench-with-table-diy-plans-outdoor-patio-woodworking-pdf/,https://i.etsystatic.com/53333782/r/il/b7da1c/7922559650/il_fullxfull.7922559650_nmtd.jpg,Woodworking Projects for Beginners
Kids Mud Kitchen Plans | DIY Wooden Outdoor Play Station Blueprint (PDF Download) | Step-by-Step PDF,"Transform your backyard into the ultimate sensory playground with these Kids Outdoor Play Kitchen Plans — a complete PDF blueprint for building a massive, durable wooden Mud Kitchen your children will ✅ Includes: kids_mud_kitchen | mud_kitchen_plans | mud_kitchen_pdf. Instant PDF download — Easy friendly. #kidsfurniture #diykids #playhouse #treehouse #kidsroom #outdoorplay #kidsdiy #familyproject #diywoodworking #woodworkingplans #childrensfurniture #playroom #kidsoutdoor #backyardplay #kidscraf",https://eleswooddesigns.com/products/kids-mud-kitchen-plans-diy-wooden-outdoor-play-station-blueprint-pdf-download/,https://eleswooddesigns.com/api/pin/kids-mud-kitchen-plans-diy-wooden-outdoor-play-station-blueprint-pdf-download/pin.jpg,DIY Kids Woodworking Plans
Build Your Own Kids Mud Kitchen Plans — Kids PDF Plans | Instant Download,"70% OFF TODAY ONLY! Transform your backyard into the ultimate sensory playground with these Kids Outdoor Play Kitchen Plans — a complete PDF blueprint for building a massive, durable wooden Mud Kitchen your children will Get the complete step-by-step woodworking blueprint for only $7.44. Instant digital download. 💛 Save this pin to build later! #kidsfurniture #diykids #playhouse #treehouse #kidsroom #outdoorplay #kidsdiy #familyproject #diywoodworking #woodworkingplans #childrensfurniture #play",https://eleswooddesigns.com/products/kids-mud-kitchen-plans-diy-wooden-outdoor-play-station-blueprint-pdf-download/,https://i.etsystatic.com/53333782/r/il/7a18c2/7980072811/il_fullxfull.7980072811_b7i6.jpg,DIY Woodworking Plans
Kids Mud Kitchen Plans Woodworking Plans — Only $7.44 | Beginner Friendly PDF,"This DIY project is one of our most-saved pins! Transform your backyard into the ultimate sensory playground with these Kids Outdoor Play Kitchen Plans — a complete PDF blueprint for building a massive, durable wooden Mud Kitchen your children will Download the full plans for $7.44 — includes cut list, 3D diagrams & material list. 📌 Save & share with your woodworking friends! #kidsfurniture #diykids #playhouse #treehouse #kidsroom #outdoorplay #kidsdiy #familyproject #diywoodworking #woodworkin",https://eleswooddesigns.com/products/kids-mud-kitchen-plans-diy-wooden-outdoor-play-station-blueprint-pdf-download/,https://i.etsystatic.com/53333782/r/il/ff112c/8406399435/il_fullxfull.8406399435_m61g.jpg,Kids Outdoor Play Ideas
Folding Adirondack Chair Plans | Classic Outdoor Woodworking PDF | Step-by-Step PDF,"Build your own classic DIY Folding Adirondack Chair with these professional PDF Woodworking Plans — step-by-step blueprints for a stunning Collapsible Chair Plan that's perfect for any patio, deck, ga ✅ Includes: adirondack_chair | folding_chair | diy_chair_plans. Instant PDF download — Easy friendly. #diyfurniture #woodworkingplans #diywoodworking #furnitureplans #handmadefurniture #woodwork #buildyourown #diyprojects #homemade #woodworking #furnitureideas #diyhome #woodworkingproject #craftsma",https://eleswooddesigns.com/products/folding-adirondack-chair-plans-classic-outdoor-woodworking-pdf/,https://eleswooddesigns.com/api/pin/folding-adirondack-chair-plans-classic-outdoor-woodworking-pdf/pin.jpg,DIY Woodworking Plans
Build Your Own Folding Adirondack Chair Plans — Furniture PDF Plans | Instant Download,"70% OFF TODAY ONLY! Build your own classic DIY Folding Adirondack Chair with these professional PDF Woodworking Plans — step-by-step blueprints for a stunning Collapsible Chair Plan that's perfect for any patio, deck, ga Get the complete step-by-step woodworking blueprint for only $3.21. Instant digital download. 💛 Save this pin to build later! #diyfurniture #woodworkingplans #diywoodworking #furnitureplans #handmadefurniture #woodwork #buildyourown #diyprojects #homemade #woodworking #furnitur",https://eleswooddesigns.com/products/folding-adirondack-chair-plans-classic-outdoor-woodworking-pdf/,https://i.etsystatic.com/53333782/r/il/3720fe/7979848115/il_fullxfull.7979848115_n27n.jpg,DIY Furniture Plans
Folding Adirondack Chair Plans Woodworking Plans — Only $3.21 | Beginner Friendly PDF,"This DIY project is one of our most-saved pins! Build your own classic DIY Folding Adirondack Chair with these professional PDF Woodworking Plans — step-by-step blueprints for a stunning Collapsible Chair Plan that's perfect for any patio, deck, ga Download the full plans for $3.21 — includes cut list, 3D diagrams & material list. 📌 Save & share with your woodworking friends! #diyfurniture #woodworkingplans #diywoodworking #furnitureplans #handmadefurniture #woodwork #buildyourown #diyprojects ",https://eleswooddesigns.com/products/folding-adirondack-chair-plans-classic-outdoor-woodworking-pdf/,https://i.etsystatic.com/53333782/r/il/157957/7979848185/il_fullxfull.7979848185_rhqz.jpg,Woodworking Projects for Beginners
Mahjong SVG PNG Bundle | American Mahjong Tile Pattern | Cricut Silhouette Cut Files | Mah | Step-by,Bring the timeless beauty of American Mahjong to your creative projects with this complete Mahjong Pattern SVG PNG Bundle — a full set of tile illustrations and seamless patterns ready to use the mome ✅ Includes: American_mahjong_Svg | mahjong_tiles_svg | Full_mahjong_pattern. Instant PDF download — Easy friendly. #printable #instantdownload #digitaldowload #diycraft #homedecor #printabledecor #diyprintable #freeprintable #partyprintable #digitalcraft #craftideas #papercraft #printabledesign #ho,https://eleswooddesigns.com/products/mahjong-svg-png-bundle-american-mahjong-tile-pattern-cricut-silhouette-cut-files-mahjong-gifts-digital-download/,https://eleswooddesigns.com/api/pin/mahjong-svg-png-bundle-american-mahjong-tile-pattern-cricut-silhouette-cut-files-mahjong-gifts-digital-download/pin.jpg,Printable Games & Digital Crafts
Build Your Own Mahjong SVG PNG Bundle — Digital PDF Plans | Instant Download,70% OFF TODAY ONLY! Bring the timeless beauty of American Mahjong to your creative projects with this complete Mahjong Pattern SVG PNG Bundle — a full set of tile illustrations and seamless patterns ready to use the mome Get the complete step-by-step woodworking blueprint for only $3.00. Instant digital download. 💛 Save this pin to build later! #printable #instantdownload #digitaldowload #diycraft #homedecor #printabledecor #diyprintable #freeprintable #partyprintable #digitalcraft #craftideas ,https://eleswooddesigns.com/products/mahjong-svg-png-bundle-american-mahjong-tile-pattern-cricut-silhouette-cut-files-mahjong-gifts-digital-download/,https://i.etsystatic.com/53333782/r/il/80e10f/8051566099/il_fullxfull.8051566099_1p3k.jpg,DIY Woodworking Plans
Mahjong SVG PNG Bundle Woodworking Plans — Only $3.00 | Beginner Friendly PDF,"This DIY project is one of our most-saved pins! Bring the timeless beauty of American Mahjong to your creative projects with this complete Mahjong Pattern SVG PNG Bundle — a full set of tile illustrations and seamless patterns ready to use the mome Download the full plans for $3.00 — includes cut list, 3D diagrams & material list. 📌 Save & share with your woodworking friends! #printable #instantdownload #digitaldowload #diycraft #homedecor #printabledecor #diyprintable #freeprintable #partyprin",https://eleswooddesigns.com/products/mahjong-svg-png-bundle-american-mahjong-tile-pattern-cricut-silhouette-cut-files-mahjong-gifts-digital-download/,https://i.etsystatic.com/53333782/r/il/fd63f1/8003647358/il_fullxfull.8003647358_pm3v.jpg,Instant Download Printables
DIY Rotating Shoe Rack Plans | Spinning Shoe Carousel & Tower Woodworking Blueprint PDF | Step-by-St,Build a stunning rotating shoe rack that stores dozens of pairs in a fraction of the floor space with these complete woodworking plans — a multi-tier spinning shoe rack design built around a heavy-dut ✅ Includes: rotating_shoe_rack | spinning_shoe_rack | shoe_carousel_diy. Instant PDF download — Hard friendly. #diyfurniture #woodworkingplans #diywoodworking #furnitureplans #handmadefurniture #woodwork #buildyourown #diyprojects #homemade #woodworking #furnitureideas #diyhome #woodworkingproject ,https://eleswooddesigns.com/products/diy-rotating-shoe-rack-plans-spinning-shoe-carousel-tower-woodworking-blueprint-pdf/,https://eleswooddesigns.com/api/pin/diy-rotating-shoe-rack-plans-spinning-shoe-carousel-tower-woodworking-blueprint-pdf/pin.jpg,DIY Woodworking Plans
Build Your Own DIY Rotating Shoe Rack Plans — Furniture PDF Plans | Instant Download,70% OFF TODAY ONLY! Build a stunning rotating shoe rack that stores dozens of pairs in a fraction of the floor space with these complete woodworking plans — a multi-tier spinning shoe rack design built around a heavy-dut Get the complete step-by-step woodworking blueprint for only $3.09. Instant digital download. 💛 Save this pin to build later! #diyfurniture #woodworkingplans #diywoodworking #furnitureplans #handmadefurniture #woodwork #buildyourown #diyprojects #homemade #woodworking #furnitur,https://eleswooddesigns.com/products/diy-rotating-shoe-rack-plans-spinning-shoe-carousel-tower-woodworking-blueprint-pdf/,https://i.etsystatic.com/53333782/r/il/e053cc/7969976443/il_fullxfull.7969976443_o4sg.jpg,DIY Furniture Plans
DIY Rotating Shoe Rack Plans Woodworking Plans — Only $3.09 | Beginner Friendly PDF,"This DIY project is one of our most-saved pins! Build a stunning rotating shoe rack that stores dozens of pairs in a fraction of the floor space with these complete woodworking plans — a multi-tier spinning shoe rack design built around a heavy-dut Download the full plans for $3.09 — includes cut list, 3D diagrams & material list. 📌 Save & share with your woodworking friends! #diyfurniture #woodworkingplans #diywoodworking #furnitureplans #handmadefurniture #woodwork #buildyourown #diyprojects ",https://eleswooddesigns.com/products/diy-rotating-shoe-rack-plans-spinning-shoe-carousel-tower-woodworking-blueprint-pdf/,https://i.etsystatic.com/53333782/r/il/704ca9/7969976479/il_fullxfull.7969976479_7ukz.jpg,Woodworking Projects for Beginners
DIY Murphy Desk Plans: Wall Mounted Fold Down Table with Storage (PDF Download) | Step-by-Step PDF,Create a smart and space-saving workstation with these professional murphy desk plans. This clever fold down table design allows you to build a practical wall mounted desk that folds away neatly when  ✅ Includes: murphy_desk_plans | fold_down_table | wall_mounted_desk. Instant PDF download — Easy friendly. #diyfurniture #woodworkingplans #diywoodworking #furnitureplans #handmadefurniture #woodwork #buildyourown #diyprojects #homemade #woodworking #furnitureideas #diyhome #woodworkingproject #cra,https://eleswooddesigns.com/products/diy-murphy-desk-plans-wall-mounted-fold-down-table-with-storage-pdf-download/,https://eleswooddesigns.com/api/pin/diy-murphy-desk-plans-wall-mounted-fold-down-table-with-storage-pdf-download/pin.jpg,DIY Woodworking Plans
Build Your Own DIY Murphy Desk Plans — Furniture PDF Plans | Instant Download,70% OFF TODAY ONLY! Create a smart and space-saving workstation with these professional murphy desk plans. This clever fold down table design allows you to build a practical wall mounted desk that folds away neatly when  Get the complete step-by-step woodworking blueprint for only $5.40. Instant digital download. 💛 Save this pin to build later! #diyfurniture #woodworkingplans #diywoodworking #furnitureplans #handmadefurniture #woodwork #buildyourown #diyprojects #homemade #woodworking #furnitur,https://eleswooddesigns.com/products/diy-murphy-desk-plans-wall-mounted-fold-down-table-with-storage-pdf-download/,https://i.etsystatic.com/53333782/r/il/066996/7804837006/il_fullxfull.7804837006_mo0w.jpg,DIY Furniture Plans
DIY Murphy Desk Plans Woodworking Plans — Only $5.40 | Beginner Friendly PDF,"This DIY project is one of our most-saved pins! Create a smart and space-saving workstation with these professional murphy desk plans. This clever fold down table design allows you to build a practical wall mounted desk that folds away neatly when  Download the full plans for $5.40 — includes cut list, 3D diagrams & material list. 📌 Save & share with your woodworking friends! #diyfurniture #woodworkingplans #diywoodworking #furnitureplans #handmadefurniture #woodwork #buildyourown #diyprojects ",https://eleswooddesigns.com/products/diy-murphy-desk-plans-wall-mounted-fold-down-table-with-storage-pdf-download/,https://i.etsystatic.com/53333782/r/il/cf50bc/7804837054/il_fullxfull.7804837054_t0hw.jpg,Woodworking Projects for Beginners
"Heavy Duty Workbench Plans | Shelves, Pegboard, Mobile Craft Table (PDF Download) | Step-by-Step PDF","Stop working on a folding table and start building the workshop you actually deserve. These DIY Garage Workbench Plans PDF give you a complete blueprint for a heavy-duty Work Bench with Shelves, integ ✅ Includes: workbench_plans_pdf | diy_garage_workbench | work_bench_plans. Instant PDF download — Easy friendly. #diyfurniture #woodworkingplans #diywoodworking #furnitureplans #handmadefurniture #woodwork #buildyourown #diyprojects #homemade #woodworking #furnitureideas #diyhome #woodworkingprojec",https://eleswooddesigns.com/products/heavy-duty-workbench-plans-shelves-pegboard-mobile-craft-table-pdf-download/,https://eleswooddesigns.com/api/pin/heavy-duty-workbench-plans-shelves-pegboard-mobile-craft-table-pdf-download/pin.jpg,DIY Woodworking Plans
Build Your Own Heavy Duty Workbench Plans — Furniture PDF Plans | Instant Download,"70% OFF TODAY ONLY! Stop working on a folding table and start building the workshop you actually deserve. These DIY Garage Workbench Plans PDF give you a complete blueprint for a heavy-duty Work Bench with Shelves, integ Get the complete step-by-step woodworking blueprint for only $6.00. Instant digital download. 💛 Save this pin to build later! #diyfurniture #woodworkingplans #diywoodworking #furnitureplans #handmadefurniture #woodwork #buildyourown #diyprojects #homemade #woodworking #furnitur",https://eleswooddesigns.com/products/heavy-duty-workbench-plans-shelves-pegboard-mobile-craft-table-pdf-download/,https://i.etsystatic.com/53333782/r/il/085642/8007016877/il_fullxfull.8007016877_11fs.jpg,DIY Furniture Plans
Heavy Duty Workbench Plans Woodworking Plans — Only $6.00 | Beginner Friendly PDF,"This DIY project is one of our most-saved pins! Stop working on a folding table and start building the workshop you actually deserve. These DIY Garage Workbench Plans PDF give you a complete blueprint for a heavy-duty Work Bench with Shelves, integ Download the full plans for $6.00 — includes cut list, 3D diagrams & material list. 📌 Save & share with your woodworking friends! #diyfurniture #woodworkingplans #diywoodworking #furnitureplans #handmadefurniture #woodwork #buildyourown #diyprojects ",https://eleswooddesigns.com/products/heavy-duty-workbench-plans-shelves-pegboard-mobile-craft-table-pdf-download/,https://i.etsystatic.com/53333782/r/il/d8cc4f/7959059848/il_fullxfull.7959059848_hgj7.jpg,Woodworking Projects for Beginners
Outdoor Wooden Chalkboard Plans | Backyard Kids Art Station (PDF Download) | Step-by-Step PDF,Give the backyard artist in your life a canvas that can actually take a beating. This wooden outdoor chalkboard build swaps out flimsy plastic easels for something that mounts straight to a fence post ✅ Includes: Outdoor_Chalkboard | Kids_Chalkboard_Wall | Wood_Blackboard_PDF. Instant PDF download — Medium friendly. #diyfurniture #woodworkingplans #diywoodworking #furnitureplans #handmadefurniture #woodwork #buildyourown #diyprojects #homemade #woodworking #furnitureideas #diyhome #woodworkingpr,https://eleswooddesigns.com/products/outdoor-wooden-chalkboard-plans-backyard-kids-art-station-pdf-download/,https://eleswooddesigns.com/api/pin/outdoor-wooden-chalkboard-plans-backyard-kids-art-station-pdf-download/pin.jpg,DIY Woodworking Plans
Build Your Own Outdoor Wooden Chalkboard Plans — Furniture PDF Plans | Instant Download,70% OFF TODAY ONLY! Give the backyard artist in your life a canvas that can actually take a beating. This wooden outdoor chalkboard build swaps out flimsy plastic easels for something that mounts straight to a fence post Get the complete step-by-step woodworking blueprint for only $3.81. Instant digital download. 💛 Save this pin to build later! #diyfurniture #woodworkingplans #diywoodworking #furnitureplans #handmadefurniture #woodwork #buildyourown #diyprojects #homemade #woodworking #furnitur,https://eleswooddesigns.com/products/outdoor-wooden-chalkboard-plans-backyard-kids-art-station-pdf-download/,https://i.etsystatic.com/53333782/r/il/23a287/8394010745/il_fullxfull.8394010745_jow4.jpg,DIY Furniture Plans
Outdoor Wooden Chalkboard Plans Woodworking Plans — Only $3.81 | Beginner Friendly PDF,"This DIY project is one of our most-saved pins! Give the backyard artist in your life a canvas that can actually take a beating. This wooden outdoor chalkboard build swaps out flimsy plastic easels for something that mounts straight to a fence post Download the full plans for $3.81 — includes cut list, 3D diagrams & material list. 📌 Save & share with your woodworking friends! #diyfurniture #woodworkingplans #diywoodworking #furnitureplans #handmadefurniture #woodwork #buildyourown #diyprojects ",https://eleswooddesigns.com/products/outdoor-wooden-chalkboard-plans-backyard-kids-art-station-pdf-download/,https://i.etsystatic.com/53333782/r/il/c5a006/8394010705/il_fullxfull.8394010705_dc21.jpg,Woodworking Projects for Beginners
DIY Pyramid Strawberry Planter Plans | 4-Tier Wood Garden Tower Blueprint (PDF Download) | Step-by-S,"Build the Ultimate Pyramid Strawberry Tower! Maximize your garden space and grow a massive harvest with this comprehensive DIY Pyramid Strawberry Planter Plan. This beautiful, space-saving 4-tier desi ✅ Includes: Pyramid_Planter | Strawberry_Tower | Tiered_Planter_Box. Instant PDF download — Medium friendly. #diygarden #gardenproject #raisedbed #gardenbed #gardendesign #diygardenbed #backyardgarden #vegetablegarden #woodworkingplans #diywoodworking #gardenideas #outdoorgarden #gardenbed #planter",https://eleswooddesigns.com/products/diy-pyramid-strawberry-planter-plans-4-tier-wood-garden-tower-blueprint-pdf-download/,https://eleswooddesigns.com/api/pin/diy-pyramid-strawberry-planter-plans-4-tier-wood-garden-tower-blueprint-pdf-download/pin.jpg,DIY Garden Woodworking Plans
Build Your Own DIY Pyramid Strawberry Planter Plans — Garden PDF Plans | Instant Download,"70% OFF TODAY ONLY! Build the Ultimate Pyramid Strawberry Tower! Maximize your garden space and grow a massive harvest with this comprehensive DIY Pyramid Strawberry Planter Plan. This beautiful, space-saving 4-tier desi Get the complete step-by-step woodworking blueprint for only $3.00. Instant digital download. 💛 Save this pin to build later! #diygarden #gardenproject #raisedbed #gardenbed #gardendesign #diygardenbed #backyardgarden #vegetablegarden #woodworkingplans #diywoodworking #gardenid",https://eleswooddesigns.com/products/diy-pyramid-strawberry-planter-plans-4-tier-wood-garden-tower-blueprint-pdf-download/,https://i.etsystatic.com/53333782/r/il/407a7c/8237674777/il_fullxfull.8237674777_mp2m.jpg,DIY Woodworking Plans
DIY Pyramid Strawberry Planter Plans Woodworking Plans — Only $3.00 | Beginner Friendly PDF,"This DIY project is one of our most-saved pins! Build the Ultimate Pyramid Strawberry Tower! Maximize your garden space and grow a massive harvest with this comprehensive DIY Pyramid Strawberry Planter Plan. This beautiful, space-saving 4-tier desi Download the full plans for $3.00 — includes cut list, 3D diagrams & material list. 📌 Save & share with your woodworking friends! #diygarden #gardenproject #raisedbed #gardenbed #gardendesign #diygardenbed #backyardgarden #vegetablegarden #woodworkin",https://eleswooddesigns.com/products/diy-pyramid-strawberry-planter-plans-4-tier-wood-garden-tower-blueprint-pdf-download/,https://i.etsystatic.com/53333782/r/il/409eb1/8189750976/il_fullxfull.8189750976_1n8b.jpg,Garden Ideas & Projects
Triple Wheelie Bin Storage Plans | Wooden Trash Can Enclosure Blueprint (PDF Download) | Step-by-Ste,Hide three ugly wheelie bins behind a beautiful slatted wooden enclosure — and instantly transform your driveway or garden. This Triple Wheelie Bin Storage Plans PDF gives you a complete step-by-step  ✅ Includes: wheelie_bin_storage | trash_bin_shed | wooden_garbage_shed. Instant PDF download — Easy friendly. #outdoorfurniture #backyardideas #diyoutdoor #pergolaplans #deckideas #patio #outdoorliving #backyard #diywoodworking #woodworkingplans #outdoordiy #gardendesign #deckdecor #patiodesign #ba,https://eleswooddesigns.com/products/triple-wheelie-bin-storage-plans-wooden-trash-can-enclosure-blueprint-pdf-download/,https://eleswooddesigns.com/api/pin/triple-wheelie-bin-storage-plans-wooden-trash-can-enclosure-blueprint-pdf-download/pin.jpg,DIY Outdoor Woodworking Plans
Build Your Own Triple Wheelie Bin Storage Plans — Outdoor PDF Plans | Instant Download,70% OFF TODAY ONLY! Hide three ugly wheelie bins behind a beautiful slatted wooden enclosure — and instantly transform your driveway or garden. This Triple Wheelie Bin Storage Plans PDF gives you a complete step-by-step  Get the complete step-by-step woodworking blueprint for only $8.40. Instant digital download. 💛 Save this pin to build later! #outdoorfurniture #backyardideas #diyoutdoor #pergolaplans #deckideas #patio #outdoorliving #backyard #diywoodworking #woodworkingplans #outdoordiy #gar,https://eleswooddesigns.com/products/triple-wheelie-bin-storage-plans-wooden-trash-can-enclosure-blueprint-pdf-download/,https://i.etsystatic.com/53333782/r/il/f6caf8/8116703453/il_fullxfull.8116703453_8x0k.jpg,DIY Woodworking Plans
Triple Wheelie Bin Storage Plans Woodworking Plans — Only $8.40 | Beginner Friendly PDF,"This DIY project is one of our most-saved pins! Hide three ugly wheelie bins behind a beautiful slatted wooden enclosure — and instantly transform your driveway or garden. This Triple Wheelie Bin Storage Plans PDF gives you a complete step-by-step  Download the full plans for $8.40 — includes cut list, 3D diagrams & material list. 📌 Save & share with your woodworking friends! #outdoorfurniture #backyardideas #diyoutdoor #pergolaplans #deckideas #patio #outdoorliving #backyard #diywoodworking #w",https://eleswooddesigns.com/products/triple-wheelie-bin-storage-plans-wooden-trash-can-enclosure-blueprint-pdf-download/,https://i.etsystatic.com/53333782/r/il/326879/8116714273/il_fullxfull.8116714273_pfuj.jpg,Backyard DIY Projects
Modern Firewood Shed Plan | 8x10 Lean-To Wood Storage PDF Download | Step-by-Step PDF,"Build a modern and practical 8x10 Firewood Shed with this instant PDF download. These detailed DIY firewood shed plans are designed to help you store wood neatly, keep it dry, and improve airflow for  ✅ Includes: firewood_shed_plan | wood_shed_plans | wood_storage_shed. Instant PDF download — Easy friendly. #diyfurniture #woodworkingplans #diywoodworking #furnitureplans #handmadefurniture #woodwork #buildyourown #diyprojects #homemade #woodworking #furnitureideas #diyhome #woodworkingproject #cr",https://eleswooddesigns.com/products/modern-firewood-shed-plan-8x10-lean-to-wood-storage-pdf-download/,https://eleswooddesigns.com/api/pin/modern-firewood-shed-plan-8x10-lean-to-wood-storage-pdf-download/pin.jpg,DIY Woodworking Plans
Build Your Own Modern Firewood Shed Plan — Furniture PDF Plans | Instant Download,"70% OFF TODAY ONLY! Build a modern and practical 8x10 Firewood Shed with this instant PDF download. These detailed DIY firewood shed plans are designed to help you store wood neatly, keep it dry, and improve airflow for  Get the complete step-by-step woodworking blueprint for only $2.85. Instant digital download. 💛 Save this pin to build later! #diyfurniture #woodworkingplans #diywoodworking #furnitureplans #handmadefurniture #woodwork #buildyourown #diyprojects #homemade #woodworking #furnitur",https://eleswooddesigns.com/products/modern-firewood-shed-plan-8x10-lean-to-wood-storage-pdf-download/,https://i.etsystatic.com/53333782/r/il/d74ba8/8000587063/il_fullxfull.8000587063_m525.jpg,DIY Furniture Plans
Modern Firewood Shed Plan Woodworking Plans — Only $2.85 | Beginner Friendly PDF,"This DIY project is one of our most-saved pins! Build a modern and practical 8x10 Firewood Shed with this instant PDF download. These detailed DIY firewood shed plans are designed to help you store wood neatly, keep it dry, and improve airflow for  Download the full plans for $2.85 — includes cut list, 3D diagrams & material list. 📌 Save & share with your woodworking friends! #diyfurniture #woodworkingplans #diywoodworking #furnitureplans #handmadefurniture #woodwork #buildyourown #diyprojects ",https://eleswooddesigns.com/products/modern-firewood-shed-plan-8x10-lean-to-wood-storage-pdf-download/,https://i.etsystatic.com/53333782/r/il/f03c1c/7252339220/il_fullxfull.7252339220_q6ua.jpg,Woodworking Projects for Beginners
"Treehouse Plans PDF, DIY Tree House Plans, Kids Playhouse Plans, Tree Fort Plans, Backyard | Step-by","Build Your Dream Treehouse with Easy Step-by-Step Plans! Looking for detailed and easy-to-follow treehouse plans? This Treehouse Plans PDF is designed for anyone who wants to build a safe, fun, and be ✅ Includes: treehouse_plans | tree_house_plans | DIY_treehouse. Instant PDF download — Easy friendly. #kidsfurniture #diykids #playhouse #treehouse #kidsroom #outdoorplay #kidsdiy #familyproject #diywoodworking #woodworkingplans #childrensfurniture #playroom #kidsoutdoor #backyardplay #kidscrafts #",https://eleswooddesigns.com/products/treehouse-plans-pdf-diy-tree-house-plans-kids-playhouse-plans-tree-fort-plans-backyard-treehouse-step-by-step-woodworkin/,https://eleswooddesigns.com/api/pin/treehouse-plans-pdf-diy-tree-house-plans-kids-playhouse-plans-tree-fort-plans-backyard-treehouse-step-by-step-woodworkin/pin.jpg,DIY Kids Woodworking Plans
"Build Your Own Treehouse Plans PDF, DIY Tree House Plans, Kids Playhouse Pl — Kids PDF Plans | Insta","70% OFF TODAY ONLY! Build Your Dream Treehouse with Easy Step-by-Step Plans! Looking for detailed and easy-to-follow treehouse plans? This Treehouse Plans PDF is designed for anyone who wants to build a safe, fun, and be Get the complete step-by-step woodworking blueprint for only $6.90. Instant digital download. 💛 Save this pin to build later! #kidsfurniture #diykids #playhouse #treehouse #kidsroom #outdoorplay #kidsdiy #familyproject #diywoodworking #woodworkingplans #childrensfurniture #play",https://eleswooddesigns.com/products/treehouse-plans-pdf-diy-tree-house-plans-kids-playhouse-plans-tree-fort-plans-backyard-treehouse-step-by-step-woodworkin/,https://i.etsystatic.com/53333782/r/il/95860b/7970392523/il_fullxfull.7970392523_68x1.jpg,DIY Woodworking Plans
"Treehouse Plans PDF, DIY Tree House Plans, Kids Playhouse Pl Woodworking Plans — Only $6.90 | Beginn","This DIY project is one of our most-saved pins! Build Your Dream Treehouse with Easy Step-by-Step Plans! Looking for detailed and easy-to-follow treehouse plans? This Treehouse Plans PDF is designed for anyone who wants to build a safe, fun, and be Download the full plans for $6.90 — includes cut list, 3D diagrams & material list. 📌 Save & share with your woodworking friends! #kidsfurniture #diykids #playhouse #treehouse #kidsroom #outdoorplay #kidsdiy #familyproject #diywoodworking #woodworkin",https://eleswooddesigns.com/products/treehouse-plans-pdf-diy-tree-house-plans-kids-playhouse-plans-tree-fort-plans-backyard-treehouse-step-by-step-woodworkin/,https://i.etsystatic.com/53333782/r/il/82cb72/7970392685/il_fullxfull.7970392685_btz3.jpg,Kids Outdoor Play Ideas
DIY Farmstand Plans PDF | Mobile Roadside Farm Stand Blueprint | Bakery Cart Flower Egg Pr | Step-by,"Launch your small business from your own driveway. These DIY Farmstand Plans PDF give you a complete step-by-step woodworking blueprint for a professional-grade Mobile Farmstand Blueprint — on wheels, ✅ Includes: farmstand_plan | roadside_stand | mobile_bakery_cart. Instant PDF download — Easy friendly. #diygarden #gardenproject #raisedbed #gardenbed #gardendesign #diygardenbed #backyardgarden #vegetablegarden #woodworkingplans #diywoodworking #gardenideas #outdoorgarden #gardenbed #planter #diy",https://eleswooddesigns.com/products/diy-farmstand-plans-pdf-mobile-roadside-farm-stand-blueprint-bakery-cart-flower-egg-produce-stand-woodworking-plans/,https://eleswooddesigns.com/api/pin/diy-farmstand-plans-pdf-mobile-roadside-farm-stand-blueprint-bakery-cart-flower-egg-produce-stand-woodworking-plans/pin.jpg,DIY Garden Woodworking Plans
Build Your Own DIY Farmstand Plans PDF — Garden PDF Plans | Instant Download,"70% OFF TODAY ONLY! Launch your small business from your own driveway. These DIY Farmstand Plans PDF give you a complete step-by-step woodworking blueprint for a professional-grade Mobile Farmstand Blueprint — on wheels, Get the complete step-by-step woodworking blueprint for only $5.40. Instant digital download. 💛 Save this pin to build later! #diygarden #gardenproject #raisedbed #gardenbed #gardendesign #diygardenbed #backyardgarden #vegetablegarden #woodworkingplans #diywoodworking #gardenid",https://eleswooddesigns.com/products/diy-farmstand-plans-pdf-mobile-roadside-farm-stand-blueprint-bakery-cart-flower-egg-produce-stand-woodworking-plans/,https://i.etsystatic.com/53333782/r/il/78ed3f/8122437183/il_fullxfull.8122437183_gcre.jpg,DIY Woodworking Plans
DIY Farmstand Plans PDF Woodworking Plans — Only $5.40 | Beginner Friendly PDF,"This DIY project is one of our most-saved pins! Launch your small business from your own driveway. These DIY Farmstand Plans PDF give you a complete step-by-step woodworking blueprint for a professional-grade Mobile Farmstand Blueprint — on wheels, Download the full plans for $5.40 — includes cut list, 3D diagrams & material list. 📌 Save & share with your woodworking friends! #diygarden #gardenproject #raisedbed #gardenbed #gardendesign #diygardenbed #backyardgarden #vegetablegarden #woodworkin",https://eleswooddesigns.com/products/diy-farmstand-plans-pdf-mobile-roadside-farm-stand-blueprint-bakery-cart-flower-egg-produce-stand-woodworking-plans/,https://i.etsystatic.com/53333782/r/il/321769/8074518760/il_fullxfull.8074518760_36bq.jpg,Garden Ideas & Projects
DIY Arbor Swing Plans | Pergola Roof A-Frame Freestanding Garden (PDF Download) | Step-by-Step PDF,"Build a stunning DIY Arbor Swing with these step-by-step PDF Woodworking Plans — the perfect A-Frame Swing Plans for your garden, patio, or backyard. CREATE YOUR OWN BACKYARD SANCTUARY Imagine gently  ✅ Includes: arbor_swing_plans | outdoor_swing_stand | swing_frame. Instant PDF download — Easy friendly. #outdoorfurniture #backyardideas #diyoutdoor #pergolaplans #deckideas #patio #outdoorliving #backyard #diywoodworking #woodworkingplans #outdoordiy #gardendesign #deckdecor #patiodesign #backyar",https://eleswooddesigns.com/products/diy-arbor-swing-plans-pergola-roof-a-frame-freestanding-garden-pdf-download/,https://eleswooddesigns.com/api/pin/diy-arbor-swing-plans-pergola-roof-a-frame-freestanding-garden-pdf-download/pin.jpg,DIY Outdoor Woodworking Plans
Build Your Own DIY Arbor Swing Plans — Outdoor PDF Plans | Instant Download,"70% OFF TODAY ONLY! Build a stunning DIY Arbor Swing with these step-by-step PDF Woodworking Plans — the perfect A-Frame Swing Plans for your garden, patio, or backyard. CREATE YOUR OWN BACKYARD SANCTUARY Imagine gently  Get the complete step-by-step woodworking blueprint for only $7.38. Instant digital download. 💛 Save this pin to build later! #outdoorfurniture #backyardideas #diyoutdoor #pergolaplans #deckideas #patio #outdoorliving #backyard #diywoodworking #woodworkingplans #outdoordiy #gar",https://eleswooddesigns.com/products/diy-arbor-swing-plans-pergola-roof-a-frame-freestanding-garden-pdf-download/,https://i.etsystatic.com/53333782/r/il/e4a845/7928376812/il_fullxfull.7928376812_70m3.jpg,DIY Woodworking Plans
DIY Arbor Swing Plans Woodworking Plans — Only $7.38 | Beginner Friendly PDF,"This DIY project is one of our most-saved pins! Build a stunning DIY Arbor Swing with these step-by-step PDF Woodworking Plans — the perfect A-Frame Swing Plans for your garden, patio, or backyard. CREATE YOUR OWN BACKYARD SANCTUARY Imagine gently  Download the full plans for $7.38 — includes cut list, 3D diagrams & material list. 📌 Save & share with your woodworking friends! #outdoorfurniture #backyardideas #diyoutdoor #pergolaplans #deckideas #patio #outdoorliving #backyard #diywoodworking #w",https://eleswooddesigns.com/products/diy-arbor-swing-plans-pergola-roof-a-frame-freestanding-garden-pdf-download/,https://i.etsystatic.com/53333782/r/il/fbdd2e/7976333199/il_fullxfull.7976333199_9xfv.jpg,Backyard DIY Projects
Arbor Swing Plans | Freestanding A-Frame Pergola Canopy Blueprint (PDF Download) | Step-by-Step PDF,"Build a stunning DIY Arbor Swing with these professional PDF Woodworking Plans — the ultimate A-Frame Swing Plans for your garden, patio, or backyard. Whether you're after a complete Patio Swing Canop ✅ Includes: arbor_swing_plans | outdoor_swing_stand | swing_frame. Instant PDF download — Intermediate friendly. #outdoorfurniture #backyardideas #diyoutdoor #pergolaplans #deckideas #patio #outdoorliving #backyard #diywoodworking #woodworkingplans #outdoordiy #gardendesign #deckdecor #patiodesign ",https://eleswooddesigns.com/products/arbor-swing-plans-freestanding-a-frame-pergola-canopy-blueprint-pdf-download/,https://eleswooddesigns.com/api/pin/arbor-swing-plans-freestanding-a-frame-pergola-canopy-blueprint-pdf-download/pin.jpg,DIY Outdoor Woodworking Plans
Build Your Own Arbor Swing Plans — Outdoor PDF Plans | Instant Download,"70% OFF TODAY ONLY! Build a stunning DIY Arbor Swing with these professional PDF Woodworking Plans — the ultimate A-Frame Swing Plans for your garden, patio, or backyard. Whether you're after a complete Patio Swing Canop Get the complete step-by-step woodworking blueprint for only $7.20. Instant digital download. 💛 Save this pin to build later! #outdoorfurniture #backyardideas #diyoutdoor #pergolaplans #deckideas #patio #outdoorliving #backyard #diywoodworking #woodworkingplans #outdoordiy #gar",https://eleswooddesigns.com/products/arbor-swing-plans-freestanding-a-frame-pergola-canopy-blueprint-pdf-download/,https://i.etsystatic.com/53333782/r/il/1d3df0/8237835209/il_fullxfull.8237835209_mos3.jpg,DIY Woodworking Plans
Arbor Swing Plans Woodworking Plans — Only $7.20 | Beginner Friendly PDF,"This DIY project is one of our most-saved pins! Build a stunning DIY Arbor Swing with these professional PDF Woodworking Plans — the ultimate A-Frame Swing Plans for your garden, patio, or backyard. Whether you're after a complete Patio Swing Canop Download the full plans for $7.20 — includes cut list, 3D diagrams & material list. 📌 Save & share with your woodworking friends! #outdoorfurniture #backyardideas #diyoutdoor #pergolaplans #deckideas #patio #outdoorliving #backyard #diywoodworking #w",https://eleswooddesigns.com/products/arbor-swing-plans-freestanding-a-frame-pergola-canopy-blueprint-pdf-download/,https://i.etsystatic.com/53333782/r/il/acec96/8189911626/il_fullxfull.8189911626_m5q7.jpg,Backyard DIY Projects
Outdoor Dining Set Plans | Table and Six Chairs Woodworking Blueprint (PDF Download) | Step-by-Step ,Host unforgettable summer barbecues and family dinners with furniture you built yourself. These DIY Outdoor Dining Set Plans PDF give you a complete woodworking blueprint for a heavy-duty slatted dini ✅ Includes: outdoor_dining_table | DIY_patio_furniture | patio_dining_set. Instant PDF download — Easy friendly. #outdoorfurniture #backyardideas #diyoutdoor #pergolaplans #deckideas #patio #outdoorliving #backyard #diywoodworking #woodworkingplans #outdoordiy #gardendesign #deckdecor #patiodesign ,https://eleswooddesigns.com/products/outdoor-dining-set-plans-table-and-six-chairs-woodworking-blueprint-pdf-download/,https://eleswooddesigns.com/api/pin/outdoor-dining-set-plans-table-and-six-chairs-woodworking-blueprint-pdf-download/pin.jpg,DIY Outdoor Woodworking Plans
Build Your Own Outdoor Dining Set Plans — Outdoor PDF Plans | Instant Download,70% OFF TODAY ONLY! Host unforgettable summer barbecues and family dinners with furniture you built yourself. These DIY Outdoor Dining Set Plans PDF give you a complete woodworking blueprint for a heavy-duty slatted dini Get the complete step-by-step woodworking blueprint for only $7.50. Instant digital download. 💛 Save this pin to build later! #outdoorfurniture #backyardideas #diyoutdoor #pergolaplans #deckideas #patio #outdoorliving #backyard #diywoodworking #woodworkingplans #outdoordiy #gar,https://eleswooddesigns.com/products/outdoor-dining-set-plans-table-and-six-chairs-woodworking-blueprint-pdf-download/,https://i.etsystatic.com/53333782/r/il/72da7e/8012355685/il_fullxfull.8012355685_ge0z.jpg,DIY Woodworking Plans
Outdoor Dining Set Plans Woodworking Plans — Only $7.50 | Beginner Friendly PDF,"This DIY project is one of our most-saved pins! Host unforgettable summer barbecues and family dinners with furniture you built yourself. These DIY Outdoor Dining Set Plans PDF give you a complete woodworking blueprint for a heavy-duty slatted dini Download the full plans for $7.50 — includes cut list, 3D diagrams & material list. 📌 Save & share with your woodworking friends! #outdoorfurniture #backyardideas #diyoutdoor #pergolaplans #deckideas #patio #outdoorliving #backyard #diywoodworking #w",https://eleswooddesigns.com/products/outdoor-dining-set-plans-table-and-six-chairs-woodworking-blueprint-pdf-download/,https://i.etsystatic.com/53333782/r/il/9aaa48/7964416692/il_fullxfull.7964416692_qdm0.jpg,Backyard DIY Projects
Mud Kitchen Plans PDF | Wide Outdoor Play Kitchen Blueprint for Kids | DIY Sink & Stove Bu | Step-by,"Build a fun and durable outdoor play space with these Kids Mud Kitchen Plans. This DIY wooden mud kitchen plan includes detailed PDF instructions, measurements, a complete cut list, material list, and ✅ Includes: mud_kitchen_plans | mud_kitchen_pdf | outdoor_play_kitchen. Instant PDF download — Medium friendly. #kidsfurniture #diykids #playhouse #treehouse #kidsroom #outdoorplay #kidsdiy #familyproject #diywoodworking #woodworkingplans #childrensfurniture #playroom #kidsoutdoor #backyardplay #ki",https://eleswooddesigns.com/products/mud-kitchen-plans-pdf-wide-outdoor-play-kitchen-blueprint-for-kids-diy-sink-stove-build/,https://eleswooddesigns.com/api/pin/mud-kitchen-plans-pdf-wide-outdoor-play-kitchen-blueprint-for-kids-diy-sink-stove-build/pin.jpg,DIY Kids Woodworking Plans
Build Your Own Mud Kitchen Plans PDF — Kids PDF Plans | Instant Download,"70% OFF TODAY ONLY! Build a fun and durable outdoor play space with these Kids Mud Kitchen Plans. This DIY wooden mud kitchen plan includes detailed PDF instructions, measurements, a complete cut list, material list, and Get the complete step-by-step woodworking blueprint for only $7.35. Instant digital download. 💛 Save this pin to build later! #kidsfurniture #diykids #playhouse #treehouse #kidsroom #outdoorplay #kidsdiy #familyproject #diywoodworking #woodworkingplans #childrensfurniture #play",https://eleswooddesigns.com/products/mud-kitchen-plans-pdf-wide-outdoor-play-kitchen-blueprint-for-kids-diy-sink-stove-build/,https://i.etsystatic.com/53333782/r/il/7007db/8362465764/il_fullxfull.8362465764_lvfe.jpg,DIY Woodworking Plans
Mud Kitchen Plans PDF Woodworking Plans — Only $7.35 | Beginner Friendly PDF,"This DIY project is one of our most-saved pins! Build a fun and durable outdoor play space with these Kids Mud Kitchen Plans. This DIY wooden mud kitchen plan includes detailed PDF instructions, measurements, a complete cut list, material list, and Download the full plans for $7.35 — includes cut list, 3D diagrams & material list. 📌 Save & share with your woodworking friends! #kidsfurniture #diykids #playhouse #treehouse #kidsroom #outdoorplay #kidsdiy #familyproject #diywoodworking #woodworkin",https://eleswooddesigns.com/products/mud-kitchen-plans-pdf-wide-outdoor-play-kitchen-blueprint-for-kids-diy-sink-stove-build/,https://i.etsystatic.com/53333782/r/il/cd24a8/8410349565/il_fullxfull.8410349565_qlse.jpg,Kids Outdoor Play Ideas
Modern Mailbox Stand Plans: DIY Wooden Post with Planter (PDF Download) | Step-by-Step PDF,"Craft Your Own Curb Appeal: Modern Mailbox Post Plans Tired of a boring, wobbly mailbox that detracts from your home's exterior? It's time to create something that's not just functional, but a stateme ✅ Includes: mailbox | mailbox_plans | diy_mailbox. Instant PDF download — Easy friendly. #diygarden #gardenproject #raisedbed #gardenbed #gardendesign #diygardenbed #backyardgarden #vegetablegarden #woodworkingplans #diywoodworking #gardenideas #outdoorgarden #gardenbed #planter #diyplanter #garden",https://eleswooddesigns.com/products/modern-mailbox-stand-plans-diy-wooden-post-with-planter-pdf-download/,https://eleswooddesigns.com/api/pin/modern-mailbox-stand-plans-diy-wooden-post-with-planter-pdf-download/pin.jpg,DIY Garden Woodworking Plans
Build Your Own Modern Mailbox Stand Plans — Garden PDF Plans | Instant Download,"70% OFF TODAY ONLY! Craft Your Own Curb Appeal: Modern Mailbox Post Plans Tired of a boring, wobbly mailbox that detracts from your home's exterior? It's time to create something that's not just functional, but a stateme Get the complete step-by-step woodworking blueprint for only $4.20. Instant digital download. 💛 Save this pin to build later! #diygarden #gardenproject #raisedbed #gardenbed #gardendesign #diygardenbed #backyardgarden #vegetablegarden #woodworkingplans #diywoodworking #gardenid",https://eleswooddesigns.com/products/modern-mailbox-stand-plans-diy-wooden-post-with-planter-pdf-download/,https://i.etsystatic.com/53333782/r/il/cc62f1/7213914632/il_fullxfull.7213914632_22jh.jpg,DIY Woodworking Plans
Modern Mailbox Stand Plans Woodworking Plans — Only $4.20 | Beginner Friendly PDF,"This DIY project is one of our most-saved pins! Craft Your Own Curb Appeal: Modern Mailbox Post Plans Tired of a boring, wobbly mailbox that detracts from your home's exterior? It's time to create something that's not just functional, but a stateme Download the full plans for $4.20 — includes cut list, 3D diagrams & material list. 📌 Save & share with your woodworking friends! #diygarden #gardenproject #raisedbed #gardenbed #gardendesign #diygardenbed #backyardgarden #vegetablegarden #woodworkin",https://eleswooddesigns.com/products/modern-mailbox-stand-plans-diy-wooden-post-with-planter-pdf-download/,https://i.etsystatic.com/53333782/r/il/fe5593/7213918872/il_fullxfull.7213918872_fozd.jpg,Garden Ideas & Projects
Large Dog House Plans | Rustic Cabin Style Pet Kennel Blueprint (PDF Download) | Step-by-Step PDF,"Give your dog the home they deserve — built with your own hands. This DIY Dog House with Porch Plans PDF gives you a complete woodworking blueprint for a large wooden pet cabin with a covered deck, el ✅ Includes: dog_house_with_porch | large_dog_house | dog_kennel_diy. Instant PDF download — Intermediate friendly. #outdoorfurniture #backyardideas #diyoutdoor #pergolaplans #deckideas #patio #outdoorliving #backyard #diywoodworking #woodworkingplans #outdoordiy #gardendesign #deckdecor #patiodesig",https://eleswooddesigns.com/products/large-dog-house-plans-rustic-cabin-style-pet-kennel-blueprint-pdf-download/,https://eleswooddesigns.com/api/pin/large-dog-house-plans-rustic-cabin-style-pet-kennel-blueprint-pdf-download/pin.jpg,DIY Outdoor Woodworking Plans
Build Your Own Large Dog House Plans — Outdoor PDF Plans | Instant Download,"70% OFF TODAY ONLY! Give your dog the home they deserve — built with your own hands. This DIY Dog House with Porch Plans PDF gives you a complete woodworking blueprint for a large wooden pet cabin with a covered deck, el Get the complete step-by-step woodworking blueprint for only $7.35. Instant digital download. 💛 Save this pin to build later! #outdoorfurniture #backyardideas #diyoutdoor #pergolaplans #deckideas #patio #outdoorliving #backyard #diywoodworking #woodworkingplans #outdoordiy #gar",https://eleswooddesigns.com/products/large-dog-house-plans-rustic-cabin-style-pet-kennel-blueprint-pdf-download/,https://i.etsystatic.com/53333782/r/il/226d5e/8209798814/il_fullxfull.8209798814_9vay.jpg,DIY Woodworking Plans
Large Dog House Plans Woodworking Plans — Only $7.35 | Beginner Friendly PDF,"This DIY project is one of our most-saved pins! Give your dog the home they deserve — built with your own hands. This DIY Dog House with Porch Plans PDF gives you a complete woodworking blueprint for a large wooden pet cabin with a covered deck, el Download the full plans for $7.35 — includes cut list, 3D diagrams & material list. 📌 Save & share with your woodworking friends! #outdoorfurniture #backyardideas #diyoutdoor #pergolaplans #deckideas #patio #outdoorliving #backyard #diywoodworking #w",https://eleswooddesigns.com/products/large-dog-house-plans-rustic-cabin-style-pet-kennel-blueprint-pdf-download/,https://i.etsystatic.com/53333782/r/il/b161fa/8257722945/il_fullxfull.8257722945_7dpu.jpg,Backyard DIY Projects
Easy DIY Mud Kitchen Plans | Beginner Wooden Outdoor Play Blueprint (PDF Download) | Step-by-Step PD,"Stop Googling ""how to build a mud kitchen"" — everything you need is right here. This Easy DIY Mud Kitchen Plans PDF gives you a beginner-friendly, step-by-step blueprint for a solid wooden Mud Kitchen ✅ Includes: kids_mud_kitchen_diy | mud_pie_kitchen_plan | easy_mud_kitchen_diy. Instant PDF download — Easy friendly. #kidsfurniture #diykids #playhouse #treehouse #kidsroom #outdoorplay #kidsdiy #familyproject #diywoodworking #woodworkingplans #childrensfurniture #playroom #kidsoutdoor #backyardpl",https://eleswooddesigns.com/products/easy-diy-mud-kitchen-plans-beginner-wooden-outdoor-play-blueprint-pdf-download/,https://eleswooddesigns.com/api/pin/easy-diy-mud-kitchen-plans-beginner-wooden-outdoor-play-blueprint-pdf-download/pin.jpg,DIY Kids Woodworking Plans
Build Your Own Easy DIY Mud Kitchen Plans — Kids PDF Plans | Instant Download,"70% OFF TODAY ONLY! Stop Googling ""how to build a mud kitchen"" — everything you need is right here. This Easy DIY Mud Kitchen Plans PDF gives you a beginner-friendly, step-by-step blueprint for a solid wooden Mud Kitchen Get the complete step-by-step woodworking blueprint for only $7.20. Instant digital download. 💛 Save this pin to build later! #kidsfurniture #diykids #playhouse #treehouse #kidsroom #outdoorplay #kidsdiy #familyproject #diywoodworking #woodworkingplans #childrensfurniture #play",https://eleswooddesigns.com/products/easy-diy-mud-kitchen-plans-beginner-wooden-outdoor-play-blueprint-pdf-download/,https://i.etsystatic.com/53333782/r/il/5506cf/8068592074/il_fullxfull.8068592074_k9tt.jpg,DIY Woodworking Plans
Easy DIY Mud Kitchen Plans Woodworking Plans — Only $7.20 | Beginner Friendly PDF,"This DIY project is one of our most-saved pins! Stop Googling ""how to build a mud kitchen"" — everything you need is right here. This Easy DIY Mud Kitchen Plans PDF gives you a beginner-friendly, step-by-step blueprint for a solid wooden Mud Kitchen Download the full plans for $7.20 — includes cut list, 3D diagrams & material list. 📌 Save & share with your woodworking friends! #kidsfurniture #diykids #playhouse #treehouse #kidsroom #outdoorplay #kidsdiy #familyproject #diywoodworking #woodworkin",https://eleswooddesigns.com/products/easy-diy-mud-kitchen-plans-beginner-wooden-outdoor-play-blueprint-pdf-download/,https://i.etsystatic.com/53333782/r/il/14cdf2/8116510749/il_fullxfull.8116510749_angi.jpg,Kids Outdoor Play Ideas
DIY Bookshelf Plans | Modern Bookcase Woodworking Blueprint & Built-In Shelf PDF Download | Step-by-,"Build a beautiful, sturdy bookshelf for your living room, office, or bedroom with these complete diy bookshelf woodworking plans — a modern bookcase plans design that combines clean lines, generous sh ✅ Includes: diy_bookshelf | bookshelf_plans | woodworking_plans. Instant PDF download — Easy friendly. #diyfurniture #woodworkingplans #diywoodworking #furnitureplans #handmadefurniture #woodwork #buildyourown #diyprojects #homemade #woodworking #furnitureideas #diyhome #woodworkingproject #craftsm",https://eleswooddesigns.com/products/diy-bookshelf-plans-modern-bookcase-woodworking-blueprint-built-in-shelf-pdf-download/,https://eleswooddesigns.com/api/pin/diy-bookshelf-plans-modern-bookcase-woodworking-blueprint-built-in-shelf-pdf-download/pin.jpg,DIY Woodworking Plans
Build Your Own DIY Bookshelf Plans — Furniture PDF Plans | Instant Download,"70% OFF TODAY ONLY! Build a beautiful, sturdy bookshelf for your living room, office, or bedroom with these complete diy bookshelf woodworking plans — a modern bookcase plans design that combines clean lines, generous sh Get the complete step-by-step woodworking blueprint for only $4.89. Instant digital download. 💛 Save this pin to build later! #diyfurniture #woodworkingplans #diywoodworking #furnitureplans #handmadefurniture #woodwork #buildyourown #diyprojects #homemade #woodworking #furnitur",https://eleswooddesigns.com/products/diy-bookshelf-plans-modern-bookcase-woodworking-blueprint-built-in-shelf-pdf-download/,https://i.etsystatic.com/53333782/r/il/1fb570/7925420806/il_fullxfull.7925420806_g5ee.jpg,DIY Furniture Plans
DIY Bookshelf Plans Woodworking Plans — Only $4.89 | Beginner Friendly PDF,"This DIY project is one of our most-saved pins! Build a beautiful, sturdy bookshelf for your living room, office, or bedroom with these complete diy bookshelf woodworking plans — a modern bookcase plans design that combines clean lines, generous sh Download the full plans for $4.89 — includes cut list, 3D diagrams & material list. 📌 Save & share with your woodworking friends! #diyfurniture #woodworkingplans #diywoodworking #furnitureplans #handmadefurniture #woodwork #buildyourown #diyprojects ",https://eleswooddesigns.com/products/diy-bookshelf-plans-modern-bookcase-woodworking-blueprint-built-in-shelf-pdf-download/,https://i.etsystatic.com/53333782/r/il/d36a3b/7925420840/il_fullxfull.7925420840_p4rh.jpg,Woodworking Projects for Beginners
DIY Floating TV Console Plan: Wall-Mount Media Shelf (Woodworking PDF) | Step-by-Step PDF,Transform your home with our TV Console Plan | DIY Floating TV Unit Plan | Modern Space Saver TV Stand | Wall-Mount Media Shelf | Woodworking PDF (Digital Download). This project is designed for anyon ✅ Includes: digital_download | tv_console_plan | floating_tv_unit. Instant PDF download — Easy friendly. #diyfurniture #woodworkingplans #diywoodworking #furnitureplans #handmadefurniture #woodwork #buildyourown #diyprojects #homemade #woodworking #furnitureideas #diyhome #woodworkingproject #craft,https://eleswooddesigns.com/products/diy-floating-tv-console-plan-wall-mount-media-shelf-woodworking-pdf/,https://eleswooddesigns.com/api/pin/diy-floating-tv-console-plan-wall-mount-media-shelf-woodworking-pdf/pin.jpg,DIY Woodworking Plans
Build Your Own DIY Floating TV Console Plan — Furniture PDF Plans | Instant Download,70% OFF TODAY ONLY! Transform your home with our TV Console Plan | DIY Floating TV Unit Plan | Modern Space Saver TV Stand | Wall-Mount Media Shelf | Woodworking PDF (Digital Download). This project is designed for anyon Get the complete step-by-step woodworking blueprint for only $3.33. Instant digital download. 💛 Save this pin to build later! #diyfurniture #woodworkingplans #diywoodworking #furnitureplans #handmadefurniture #woodwork #buildyourown #diyprojects #homemade #woodworking #furnitur,https://eleswooddesigns.com/products/diy-floating-tv-console-plan-wall-mount-media-shelf-woodworking-pdf/,https://i.etsystatic.com/53333782/r/il/1ddd05/7278519177/il_fullxfull.7278519177_h8ow.jpg,DIY Furniture Plans
DIY Floating TV Console Plan Woodworking Plans — Only $3.33 | Beginner Friendly PDF,"This DIY project is one of our most-saved pins! Transform your home with our TV Console Plan | DIY Floating TV Unit Plan | Modern Space Saver TV Stand | Wall-Mount Media Shelf | Woodworking PDF (Digital Download). This project is designed for anyon Download the full plans for $3.33 — includes cut list, 3D diagrams & material list. 📌 Save & share with your woodworking friends! #diyfurniture #woodworkingplans #diywoodworking #furnitureplans #handmadefurniture #woodwork #buildyourown #diyprojects ",https://eleswooddesigns.com/products/diy-floating-tv-console-plan-wall-mount-media-shelf-woodworking-pdf/,https://i.etsystatic.com/53333782/r/il/2989f1/7230554516/il_fullxfull.7230554516_jvks.jpg,Woodworking Projects for Beginners
Tiered Plant Stand Plans | DIY Outdoor Wooden Garden Shelf (PDF Download) | Step-by-Step PDF,"op stacking your plants on the ground. This DIY Tiered Plant Stand PDF gives you a professional-grade blueprint for a jaw-dropping multi-level wooden display that turns any patio, deck, or backyard co ✅ Includes: plant_stand_plans | outdoor_plant_shelf | tiered_plant_stand. Instant PDF download — Easy friendly. #diygarden #gardenproject #raisedbed #gardenbed #gardendesign #diygardenbed #backyardgarden #vegetablegarden #woodworkingplans #diywoodworking #gardenideas #outdoorgarden #gardenbed #plan",https://eleswooddesigns.com/products/tiered-plant-stand-plans-diy-outdoor-wooden-garden-shelf-pdf-download/,https://eleswooddesigns.com/api/pin/tiered-plant-stand-plans-diy-outdoor-wooden-garden-shelf-pdf-download/pin.jpg,DIY Garden Woodworking Plans
Build Your Own Tiered Plant Stand Plans — Garden PDF Plans | Instant Download,"70% OFF TODAY ONLY! op stacking your plants on the ground. This DIY Tiered Plant Stand PDF gives you a professional-grade blueprint for a jaw-dropping multi-level wooden display that turns any patio, deck, or backyard co Get the complete step-by-step woodworking blueprint for only $3.89. Instant digital download. 💛 Save this pin to build later! #diygarden #gardenproject #raisedbed #gardenbed #gardendesign #diygardenbed #backyardgarden #vegetablegarden #woodworkingplans #diywoodworking #gardenid",https://eleswooddesigns.com/products/tiered-plant-stand-plans-diy-outdoor-wooden-garden-shelf-pdf-download/,https://i.etsystatic.com/53333782/r/il/ebc931/7946957820/il_fullxfull.7946957820_7mbc.jpg,DIY Woodworking Plans
Tiered Plant Stand Plans Woodworking Plans — Only $3.89 | Beginner Friendly PDF,"This DIY project is one of our most-saved pins! op stacking your plants on the ground. This DIY Tiered Plant Stand PDF gives you a professional-grade blueprint for a jaw-dropping multi-level wooden display that turns any patio, deck, or backyard co Download the full plans for $3.89 — includes cut list, 3D diagrams & material list. 📌 Save & share with your woodworking friends! #diygarden #gardenproject #raisedbed #gardenbed #gardendesign #diygardenbed #backyardgarden #vegetablegarden #woodworkin",https://eleswooddesigns.com/products/tiered-plant-stand-plans-diy-outdoor-wooden-garden-shelf-pdf-download/,https://i.etsystatic.com/53333782/r/il/1f6c2c/7994912335/il_fullxfull.7994912335_qbvt.jpg,Garden Ideas & Projects
"DIY Bar Stool Plans: Wooden Counter Height Stool, Patio & Kitchen Seating (PDF Download) | Step-by-S",Create stylish and durable seating with these professional bar stool plans designed for both indoor and outdoor use. This versatile DIY bar stool project allows you to build a strong outdoor barstool  ✅ Includes: outdoor_barstool | bar_stool_plans | diy_bar_stool. Instant PDF download — Easy friendly. #diyfurniture #woodworkingplans #diywoodworking #furnitureplans #handmadefurniture #woodwork #buildyourown #diyprojects #homemade #woodworking #furnitureideas #diyhome #woodworkingproject #craftsma,https://eleswooddesigns.com/products/diy-bar-stool-plans-wooden-counter-height-stool-patio-kitchen-seating-pdf-download/,https://eleswooddesigns.com/api/pin/diy-bar-stool-plans-wooden-counter-height-stool-patio-kitchen-seating-pdf-download/pin.jpg,DIY Woodworking Plans
Build Your Own DIY Bar Stool Plans — Furniture PDF Plans | Instant Download,70% OFF TODAY ONLY! Create stylish and durable seating with these professional bar stool plans designed for both indoor and outdoor use. This versatile DIY bar stool project allows you to build a strong outdoor barstool  Get the complete step-by-step woodworking blueprint for only $4.65. Instant digital download. 💛 Save this pin to build later! #diyfurniture #woodworkingplans #diywoodworking #furnitureplans #handmadefurniture #woodwork #buildyourown #diyprojects #homemade #woodworking #furnitur,https://eleswooddesigns.com/products/diy-bar-stool-plans-wooden-counter-height-stool-patio-kitchen-seating-pdf-download/,https://i.etsystatic.com/53333782/r/il/c5fb12/7853170103/il_fullxfull.7853170103_ptdc.jpg,DIY Furniture Plans
DIY Bar Stool Plans Woodworking Plans — Only $4.65 | Beginner Friendly PDF,"This DIY project is one of our most-saved pins! Create stylish and durable seating with these professional bar stool plans designed for both indoor and outdoor use. This versatile DIY bar stool project allows you to build a strong outdoor barstool  Download the full plans for $4.65 — includes cut list, 3D diagrams & material list. 📌 Save & share with your woodworking friends! #diyfurniture #woodworkingplans #diywoodworking #furnitureplans #handmadefurniture #woodwork #buildyourown #diyprojects ",https://eleswooddesigns.com/products/diy-bar-stool-plans-wooden-counter-height-stool-patio-kitchen-seating-pdf-download/,https://i.etsystatic.com/53333782/r/il/3a83f4/7805227458/il_fullxfull.7805227458_60yr.jpg,Woodworking Projects for Beginners
Wholesale Club Halloween Trunk or Treat Printables | Wholesale Club Halloween Car Decor İd | Step-by,Bring bulk-store-inspired fun to your Halloween with this Trunk or Treat printable decor kit! This editable digital download brings a fun wholesale-club warehouse theme to your car trunk display — per ✅ Includes: trunk_or_treat_decor | halloween_printable | food_court_signs. Instant PDF download — Medium friendly. #printable #instantdownload #digitaldowload #diycraft #homedecor #printabledecor #diyprintable #freeprintable #partyprintable #digitalcraft #craftideas #papercraft #printabledesign #ho,https://eleswooddesigns.com/products/wholesale-club-halloween-trunk-or-treat-printables-wholesale-club-halloween-car-decor-ideas-digital-download/,https://eleswooddesigns.com/api/pin/wholesale-club-halloween-trunk-or-treat-printables-wholesale-club-halloween-car-decor-ideas-digital-download/pin.jpg,Printable Games & Digital Crafts
Build Your Own Wholesale Club Halloween Trunk or Treat Printables — Digital PDF Plans | Instant Down,70% OFF TODAY ONLY! Bring bulk-store-inspired fun to your Halloween with this Trunk or Treat printable decor kit! This editable digital download brings a fun wholesale-club warehouse theme to your car trunk display — per Get the complete step-by-step woodworking blueprint for only $4.65. Instant digital download. 💛 Save this pin to build later! #printable #instantdownload #digitaldowload #diycraft #homedecor #printabledecor #diyprintable #freeprintable #partyprintable #digitalcraft #craftideas ,https://eleswooddesigns.com/products/wholesale-club-halloween-trunk-or-treat-printables-wholesale-club-halloween-car-decor-ideas-digital-download/,https://i.etsystatic.com/53333782/r/il/313d63/8481370199/il_fullxfull.8481370199_wo55.jpg,DIY Woodworking Plans
Wholesale Club Halloween Trunk or Treat Printables Woodworking Plans — Only $4.65 | Beginner Friendl,"This DIY project is one of our most-saved pins! Bring bulk-store-inspired fun to your Halloween with this Trunk or Treat printable decor kit! This editable digital download brings a fun wholesale-club warehouse theme to your car trunk display — per Download the full plans for $4.65 — includes cut list, 3D diagrams & material list. 📌 Save & share with your woodworking friends! #printable #instantdownload #digitaldowload #diycraft #homedecor #printabledecor #diyprintable #freeprintable #partyprin",https://eleswooddesigns.com/products/wholesale-club-halloween-trunk-or-treat-printables-wholesale-club-halloween-car-decor-ideas-digital-download/,https://i.etsystatic.com/53333782/r/il/c975d8/8433504370/il_fullxfull.8433504370_2aev.jpg,Instant Download Printables
L Shaped Corner Bench Plans | Built-In Planter Box Seating (PDF Download) | Step-by-Step PDF,Turn a dead corner into the most-used spot in your backyard. These L Shaped Corner Bench Plans PDF give you a complete woodworking blueprint for a stunning built-in garden seating structure — with an  ✅ Includes: corner_bench_plans | planter_bench_diy | l_shaped_bench. Instant PDF download — Easy friendly. #diygarden #gardenproject #raisedbed #gardenbed #gardendesign #diygardenbed #backyardgarden #vegetablegarden #woodworkingplans #diywoodworking #gardenideas #outdoorgarden #gardenbed #planter #,https://eleswooddesigns.com/products/l-shaped-corner-bench-plans-built-in-planter-box-seating-pdf-download/,https://eleswooddesigns.com/api/pin/l-shaped-corner-bench-plans-built-in-planter-box-seating-pdf-download/pin.jpg,DIY Garden Woodworking Plans
Build Your Own L Shaped Corner Bench Plans — Garden PDF Plans | Instant Download,70% OFF TODAY ONLY! Turn a dead corner into the most-used spot in your backyard. These L Shaped Corner Bench Plans PDF give you a complete woodworking blueprint for a stunning built-in garden seating structure — with an  Get the complete step-by-step woodworking blueprint for only $3.81. Instant digital download. 💛 Save this pin to build later! #diygarden #gardenproject #raisedbed #gardenbed #gardendesign #diygardenbed #backyardgarden #vegetablegarden #woodworkingplans #diywoodworking #gardenid,https://eleswooddesigns.com/products/l-shaped-corner-bench-plans-built-in-planter-box-seating-pdf-download/,https://i.etsystatic.com/53333782/r/il/90ab33/7949006426/il_fullxfull.7949006426_3ta2.jpg,DIY Woodworking Plans
L Shaped Corner Bench Plans Woodworking Plans — Only $3.81 | Beginner Friendly PDF,"This DIY project is one of our most-saved pins! Turn a dead corner into the most-used spot in your backyard. These L Shaped Corner Bench Plans PDF give you a complete woodworking blueprint for a stunning built-in garden seating structure — with an  Download the full plans for $3.81 — includes cut list, 3D diagrams & material list. 📌 Save & share with your woodworking friends! #diygarden #gardenproject #raisedbed #gardenbed #gardendesign #diygardenbed #backyardgarden #vegetablegarden #woodworkin",https://eleswooddesigns.com/products/l-shaped-corner-bench-plans-built-in-planter-box-seating-pdf-download/,https://i.etsystatic.com/53333782/r/il/c72cce/7949006438/il_fullxfull.7949006438_akhi.jpg,Garden Ideas & Projects
DIY Cordless Drill Storage Plans | Power Tool Rack Blueprint (PDF Download) | Step-by-Step PDF,Every drill on the wall. Every battery charged. Every tool found in seconds. This DIY Tool Organizer Plans PDF gives you a complete woodworking blueprint for a wall-mounted Power Tool Storage rack — w ✅ Includes: Tool_Organizer_Plan | Cordless_Drill_Rack | Power_Tool_Rack. Instant PDF download — Medium friendly. #diyfurniture #woodworkingplans #diywoodworking #furnitureplans #handmadefurniture #woodwork #buildyourown #diyprojects #homemade #woodworking #furnitureideas #diyhome #woodworkingprojec,https://eleswooddesigns.com/products/diy-cordless-drill-storage-plans-power-tool-rack-blueprint-pdf-download/,https://eleswooddesigns.com/api/pin/diy-cordless-drill-storage-plans-power-tool-rack-blueprint-pdf-download/pin.jpg,DIY Woodworking Plans
Build Your Own DIY Cordless Drill Storage Plans — Furniture PDF Plans | Instant Download,70% OFF TODAY ONLY! Every drill on the wall. Every battery charged. Every tool found in seconds. This DIY Tool Organizer Plans PDF gives you a complete woodworking blueprint for a wall-mounted Power Tool Storage rack — w Get the complete step-by-step woodworking blueprint for only $3.00. Instant digital download. 💛 Save this pin to build later! #diyfurniture #woodworkingplans #diywoodworking #furnitureplans #handmadefurniture #woodwork #buildyourown #diyprojects #homemade #woodworking #furnitur,https://eleswooddesigns.com/products/diy-cordless-drill-storage-plans-power-tool-rack-blueprint-pdf-download/,https://i.etsystatic.com/53333782/r/il/20b2b4/8202079554/il_fullxfull.8202079554_smft.jpg,DIY Furniture Plans
DIY Cordless Drill Storage Plans Woodworking Plans — Only $3.00 | Beginner Friendly PDF,"This DIY project is one of our most-saved pins! Every drill on the wall. Every battery charged. Every tool found in seconds. This DIY Tool Organizer Plans PDF gives you a complete woodworking blueprint for a wall-mounted Power Tool Storage rack — w Download the full plans for $3.00 — includes cut list, 3D diagrams & material list. 📌 Save & share with your woodworking friends! #diyfurniture #woodworkingplans #diywoodworking #furnitureplans #handmadefurniture #woodwork #buildyourown #diyprojects ",https://eleswooddesigns.com/products/diy-cordless-drill-storage-plans-power-tool-rack-blueprint-pdf-download/,https://i.etsystatic.com/53333782/r/il/672519/8249998629/il_fullxfull.8249998629_j1x5.jpg,Woodworking Projects for Beginners
DIY Tree Bookshelf & Bookcase Plans PDF | Wall Mounted Branch Library Blueprint | Nature I | Step-by,"Build a tree-shaped bookshelf that turns wall storage into a living work of art. This DIY tree bookcase plan combines a central trunk with branching wall shelves, creating a wall-mounted library unlik ✅ Includes: Tree_Bookshelf_Plan | Tree_Bookcase_Plan | Wood_Tree_Bookshelf. Instant PDF download — Medium friendly. #diyfurniture #woodworkingplans #diywoodworking #furnitureplans #handmadefurniture #woodwork #buildyourown #diyprojects #homemade #woodworking #furnitureideas #diyhome #woodworkingpro",https://eleswooddesigns.com/products/diy-tree-bookshelf-bookcase-plans-pdf-wall-mounted-branch-library-blueprint-nature-inspired-floating-shelf-woodworking-p/,https://eleswooddesigns.com/api/pin/diy-tree-bookshelf-bookcase-plans-pdf-wall-mounted-branch-library-blueprint-nature-inspired-floating-shelf-woodworking-p/pin.jpg,DIY Woodworking Plans
Build Your Own DIY Tree Bookshelf & Bookcase Plans PDF — Furniture PDF Plans | Instant Download,"70% OFF TODAY ONLY! Build a tree-shaped bookshelf that turns wall storage into a living work of art. This DIY tree bookcase plan combines a central trunk with branching wall shelves, creating a wall-mounted library unlik Get the complete step-by-step woodworking blueprint for only $4.50. Instant digital download. 💛 Save this pin to build later! #diyfurniture #woodworkingplans #diywoodworking #furnitureplans #handmadefurniture #woodwork #buildyourown #diyprojects #homemade #woodworking #furnitur",https://eleswooddesigns.com/products/diy-tree-bookshelf-bookcase-plans-pdf-wall-mounted-branch-library-blueprint-nature-inspired-floating-shelf-woodworking-p/,https://i.etsystatic.com/53333782/r/il/96cfb9/8326206881/il_fullxfull.8326206881_385j.jpg,DIY Furniture Plans
DIY Tree Bookshelf & Bookcase Plans PDF Woodworking Plans — Only $4.50 | Beginner Friendly PDF,"This DIY project is one of our most-saved pins! Build a tree-shaped bookshelf that turns wall storage into a living work of art. This DIY tree bookcase plan combines a central trunk with branching wall shelves, creating a wall-mounted library unlik Download the full plans for $4.50 — includes cut list, 3D diagrams & material list. 📌 Save & share with your woodworking friends! #diyfurniture #woodworkingplans #diywoodworking #furnitureplans #handmadefurniture #woodwork #buildyourown #diyprojects ",https://eleswooddesigns.com/products/diy-tree-bookshelf-bookcase-plans-pdf-wall-mounted-branch-library-blueprint-nature-inspired-floating-shelf-woodworking-p/,https://i.etsystatic.com/53333782/r/il/e30e83/8278287064/il_fullxfull.8278287064_t2cw.jpg,Woodworking Projects for Beginners
DIY Outdoor Bench Plans: Modern Backless Garden & Deck Seating (PDF Download) | Step-by-Step PDF,Build Stylish Outdoor Seating with DIY Outdoor Bench Plans! Upgrade your outdoor space with this modern and functional outdoor bench plan. These easy-to-follow wood bench plans guide you through build ✅ Includes: outdoor_bench_plan | wood_bench_plans | diy_outdoor_bench. Instant PDF download — Easy friendly. #diyfurniture #woodworkingplans #diywoodworking #furnitureplans #handmadefurniture #woodwork #buildyourown #diyprojects #homemade #woodworking #furnitureideas #diyhome #woodworkingproject #c,https://eleswooddesigns.com/products/diy-outdoor-bench-plans-modern-backless-garden-deck-seating-pdf-download/,https://eleswooddesigns.com/api/pin/diy-outdoor-bench-plans-modern-backless-garden-deck-seating-pdf-download/pin.jpg,DIY Woodworking Plans
Build Your Own DIY Outdoor Bench Plans — Furniture PDF Plans | Instant Download,70% OFF TODAY ONLY! Build Stylish Outdoor Seating with DIY Outdoor Bench Plans! Upgrade your outdoor space with this modern and functional outdoor bench plan. These easy-to-follow wood bench plans guide you through build Get the complete step-by-step woodworking blueprint for only $3.51. Instant digital download. 💛 Save this pin to build later! #diyfurniture #woodworkingplans #diywoodworking #furnitureplans #handmadefurniture #woodwork #buildyourown #diyprojects #homemade #woodworking #furnitur,https://eleswooddesigns.com/products/diy-outdoor-bench-plans-modern-backless-garden-deck-seating-pdf-download/,https://i.etsystatic.com/53333782/r/il/7db878/7855157857/il_fullxfull.7855157857_188k.jpg,DIY Furniture Plans
DIY Outdoor Bench Plans Woodworking Plans — Only $3.51 | Beginner Friendly PDF,"This DIY project is one of our most-saved pins! Build Stylish Outdoor Seating with DIY Outdoor Bench Plans! Upgrade your outdoor space with this modern and functional outdoor bench plan. These easy-to-follow wood bench plans guide you through build Download the full plans for $3.51 — includes cut list, 3D diagrams & material list. 📌 Save & share with your woodworking friends! #diyfurniture #woodworkingplans #diywoodworking #furnitureplans #handmadefurniture #woodwork #buildyourown #diyprojects ",https://eleswooddesigns.com/products/diy-outdoor-bench-plans-modern-backless-garden-deck-seating-pdf-download/,https://i.etsystatic.com/53333782/r/il/c49c2f/7807218168/il_fullxfull.7807218168_3b4t.jpg,Woodworking Projects for Beginners
3-Tier Farmhouse Planter Stand Plans | DIY Woodworking Blueprint (PDF Download) | Step-by-Step PDF,"Make your front porch unforgettable. This 4-Tier Welcome Planter Stand PDF gives you a complete woodworking blueprint for a tall, farmhouse-style stepped planter stand — the perfect curb appeal upgrad ✅ Includes: welcome_planter | planter_stand_plans | wood_plant_stand. Instant PDF download — Easy friendly. #diygarden #gardenproject #raisedbed #gardenbed #gardendesign #diygardenbed #backyardgarden #vegetablegarden #woodworkingplans #diywoodworking #gardenideas #outdoorgarden #gardenbed #planter ",https://eleswooddesigns.com/products/3-tier-farmhouse-planter-stand-plans-diy-woodworking-blueprint-pdf-download/,https://eleswooddesigns.com/api/pin/3-tier-farmhouse-planter-stand-plans-diy-woodworking-blueprint-pdf-download/pin.jpg,DIY Garden Woodworking Plans
Build Your Own 3-Tier Farmhouse Planter Stand Plans — Garden PDF Plans | Instant Download,"70% OFF TODAY ONLY! Make your front porch unforgettable. This 4-Tier Welcome Planter Stand PDF gives you a complete woodworking blueprint for a tall, farmhouse-style stepped planter stand — the perfect curb appeal upgrad Get the complete step-by-step woodworking blueprint for only $3.21. Instant digital download. 💛 Save this pin to build later! #diygarden #gardenproject #raisedbed #gardenbed #gardendesign #diygardenbed #backyardgarden #vegetablegarden #woodworkingplans #diywoodworking #gardenid",https://eleswooddesigns.com/products/3-tier-farmhouse-planter-stand-plans-diy-woodworking-blueprint-pdf-download/,https://i.etsystatic.com/53333782/r/il/84f5e1/7997196875/il_fullxfull.7997196875_52e3.jpg,DIY Woodworking Plans
3-Tier Farmhouse Planter Stand Plans Woodworking Plans — Only $3.21 | Beginner Friendly PDF,"This DIY project is one of our most-saved pins! Make your front porch unforgettable. This 4-Tier Welcome Planter Stand PDF gives you a complete woodworking blueprint for a tall, farmhouse-style stepped planter stand — the perfect curb appeal upgrad Download the full plans for $3.21 — includes cut list, 3D diagrams & material list. 📌 Save & share with your woodworking friends! #diygarden #gardenproject #raisedbed #gardenbed #gardendesign #diygardenbed #backyardgarden #vegetablegarden #woodworkin",https://eleswooddesigns.com/products/3-tier-farmhouse-planter-stand-plans-diy-woodworking-blueprint-pdf-download/,https://i.etsystatic.com/53333782/r/il/4d7b8f/7949241426/il_fullxfull.7949241426_mpxf.jpg,Garden Ideas & Projects
Farmstand Plans PDF | Enclosed Roadside Stand Blueprint (Instant Download) | Step-by-Step PDF,"DIY Farmstand Plans PDF | Roadside Stand Blueprint | Instant Download Build a professional, enclosed roadside farmstand with this step-by-step woodworking guide. Perfect for selling eggs, sourdough br ✅ Includes: DIY_Farmstand | Farmstand_Shed | Roadside_Stand_Plans. Instant PDF download — Medium friendly. #diygarden #gardenproject #raisedbed #gardenbed #gardendesign #diygardenbed #backyardgarden #vegetablegarden #woodworkingplans #diywoodworking #gardenideas #outdoorgarden #gardenbed #planter #",https://eleswooddesigns.com/products/farmstand-plans-pdf-enclosed-roadside-stand-blueprint-instant-download/,https://eleswooddesigns.com/api/pin/farmstand-plans-pdf-enclosed-roadside-stand-blueprint-instant-download/pin.jpg,DIY Garden Woodworking Plans
Build Your Own Farmstand Plans PDF — Garden PDF Plans | Instant Download,"70% OFF TODAY ONLY! DIY Farmstand Plans PDF | Roadside Stand Blueprint | Instant Download Build a professional, enclosed roadside farmstand with this step-by-step woodworking guide. Perfect for selling eggs, sourdough br Get the complete step-by-step woodworking blueprint for only $9.90. Instant digital download. 💛 Save this pin to build later! #diygarden #gardenproject #raisedbed #gardenbed #gardendesign #diygardenbed #backyardgarden #vegetablegarden #woodworkingplans #diywoodworking #gardenid",https://eleswooddesigns.com/products/farmstand-plans-pdf-enclosed-roadside-stand-blueprint-instant-download/,https://i.etsystatic.com/53333782/r/il/07d566/8143114443/il_fullxfull.8143114443_fb0k.jpg,DIY Woodworking Plans
Farmstand Plans PDF Woodworking Plans — Only $9.90 | Beginner Friendly PDF,"This DIY project is one of our most-saved pins! DIY Farmstand Plans PDF | Roadside Stand Blueprint | Instant Download Build a professional, enclosed roadside farmstand with this step-by-step woodworking guide. Perfect for selling eggs, sourdough br Download the full plans for $9.90 — includes cut list, 3D diagrams & material list. 📌 Save & share with your woodworking friends! #diygarden #gardenproject #raisedbed #gardenbed #gardendesign #diygardenbed #backyardgarden #vegetablegarden #woodworkin",https://eleswooddesigns.com/products/farmstand-plans-pdf-enclosed-roadside-stand-blueprint-instant-download/,https://i.etsystatic.com/53333782/r/il/abfdf5/8143114735/il_fullxfull.8143114735_82ra.jpg,Garden Ideas & Projects
"DIY Farm Stand Plans | Mobile Market Cart Blueprint, Build Guide (PDF Download) | Step-by-Step PDF","Turn your garden harvest into a real roadside business with this DIY farm stand plan — a mobile market cart built to display produce, eggs, honey, or flowers right at the curb. Skip the search for a u ✅ Includes: Farm_Stand_Plans | Roadside_Stand_PDF | Farmstand_Blueprint. Instant PDF download — Medium friendly. #diygarden #gardenproject #raisedbed #gardenbed #gardendesign #diygardenbed #backyardgarden #vegetablegarden #woodworkingplans #diywoodworking #gardenideas #outdoorgarden #gardenbed #pla",https://eleswooddesigns.com/products/diy-farm-stand-plans-mobile-market-cart-blueprint-build-guide-pdf-download/,https://eleswooddesigns.com/api/pin/diy-farm-stand-plans-mobile-market-cart-blueprint-build-guide-pdf-download/pin.jpg,DIY Garden Woodworking Plans
Build Your Own DIY Farm Stand Plans — Garden PDF Plans | Instant Download,"70% OFF TODAY ONLY! Turn your garden harvest into a real roadside business with this DIY farm stand plan — a mobile market cart built to display produce, eggs, honey, or flowers right at the curb. Skip the search for a u Get the complete step-by-step woodworking blueprint for only $6.60. Instant digital download. 💛 Save this pin to build later! #diygarden #gardenproject #raisedbed #gardenbed #gardendesign #diygardenbed #backyardgarden #vegetablegarden #woodworkingplans #diywoodworking #gardenid",https://eleswooddesigns.com/products/diy-farm-stand-plans-mobile-market-cart-blueprint-build-guide-pdf-download/,https://i.etsystatic.com/53333782/r/il/8e642c/8316599330/il_fullxfull.8316599330_cww6.jpg,DIY Woodworking Plans
DIY Farm Stand Plans Woodworking Plans — Only $6.60 | Beginner Friendly PDF,"This DIY project is one of our most-saved pins! Turn your garden harvest into a real roadside business with this DIY farm stand plan — a mobile market cart built to display produce, eggs, honey, or flowers right at the curb. Skip the search for a u Download the full plans for $6.60 — includes cut list, 3D diagrams & material list. 📌 Save & share with your woodworking friends! #diygarden #gardenproject #raisedbed #gardenbed #gardendesign #diygardenbed #backyardgarden #vegetablegarden #woodworkin",https://eleswooddesigns.com/products/diy-farm-stand-plans-mobile-market-cart-blueprint-build-guide-pdf-download/,https://i.etsystatic.com/53333782/r/il/e4294d/8316599278/il_fullxfull.8316599278_b47q.jpg,Garden Ideas & Projects
"Custom Watercolor Portrait from Photo, Family Gift, Mother's Day Keepsake (Digital Downloa | Step-by","Turn Your Favorite Photo into a Custom Watercolor Portrait Celebrate the people you love most with a beautiful custom watercolor portrait from photo, professionally transformed into a soft and timeles ✅ Includes: custom_family_art | mom_and_baby_gift | photo_to_watercolor. Instant PDF download — Easy friendly. #printable #instantdownload #digitaldowload #diycraft #homedecor #printabledecor #diyprintable #freeprintable #partyprintable #digitalcraft #craftideas #papercraft #printabledesign #homede",https://eleswooddesigns.com/products/custom-watercolor-portrait-from-photo-family-gift-mothers-day-keepsake-digital-download/,https://eleswooddesigns.com/api/pin/custom-watercolor-portrait-from-photo-family-gift-mothers-day-keepsake-digital-download/pin.jpg,Printable Games & Digital Crafts
"Build Your Own Custom Watercolor Portrait from Photo, Family Gift, Mother's — Digital PDF Plans | In","70% OFF TODAY ONLY! Turn Your Favorite Photo into a Custom Watercolor Portrait Celebrate the people you love most with a beautiful custom watercolor portrait from photo, professionally transformed into a soft and timeles Get the complete step-by-step woodworking blueprint for only $7.35. Instant digital download. 💛 Save this pin to build later! #printable #instantdownload #digitaldowload #diycraft #homedecor #printabledecor #diyprintable #freeprintable #partyprintable #digitalcraft #craftideas ",https://eleswooddesigns.com/products/custom-watercolor-portrait-from-photo-family-gift-mothers-day-keepsake-digital-download/,https://i.etsystatic.com/53333782/r/il/48df05/7918816198/il_fullxfull.7918816198_lv4y.jpg,DIY Woodworking Plans
"Custom Watercolor Portrait from Photo, Family Gift, Mother's Woodworking Plans — Only $7.35 | Beginn","This DIY project is one of our most-saved pins! Turn Your Favorite Photo into a Custom Watercolor Portrait Celebrate the people you love most with a beautiful custom watercolor portrait from photo, professionally transformed into a soft and timeles Download the full plans for $7.35 — includes cut list, 3D diagrams & material list. 📌 Save & share with your woodworking friends! #printable #instantdownload #digitaldowload #diycraft #homedecor #printabledecor #diyprintable #freeprintable #partyprin",https://eleswooddesigns.com/products/custom-watercolor-portrait-from-photo-family-gift-mothers-day-keepsake-digital-download/,https://i.etsystatic.com/53333782/r/il/090ca7/7966768641/il_fullxfull.7966768641_c45n.jpg,Instant Download Printables
Midcentury Modern Dining Table Plans | Curved Leg Woodworking Blueprint (PDF Download) | Step-by-Ste,"Elevate Your Space with DIY Midcentury Modern Furniture Home Decor! A TIMELESS HANDCRAFTED CENTERPIECE Are you looking to upgrade your dining area with a timeless, handcrafted piece? Build your own st ✅ Includes: midcentury_modern | mid_century_table | dining_table_diy. Instant PDF download — Medium friendly. #diyfurniture #woodworkingplans #diywoodworking #furnitureplans #handmadefurniture #woodwork #buildyourown #diyprojects #homemade #woodworking #furnitureideas #diyhome #woodworkingproject #",https://eleswooddesigns.com/products/midcentury-modern-dining-table-plans-curved-leg-woodworking-blueprint-pdf-download/,https://eleswooddesigns.com/api/pin/midcentury-modern-dining-table-plans-curved-leg-woodworking-blueprint-pdf-download/pin.jpg,DIY Woodworking Plans
Build Your Own Midcentury Modern Dining Table Plans — Furniture PDF Plans | Instant Download,"70% OFF TODAY ONLY! Elevate Your Space with DIY Midcentury Modern Furniture Home Decor! A TIMELESS HANDCRAFTED CENTERPIECE Are you looking to upgrade your dining area with a timeless, handcrafted piece? Build your own st Get the complete step-by-step woodworking blueprint for only $3.30. Instant digital download. 💛 Save this pin to build later! #diyfurniture #woodworkingplans #diywoodworking #furnitureplans #handmadefurniture #woodwork #buildyourown #diyprojects #homemade #woodworking #furnitur",https://eleswooddesigns.com/products/midcentury-modern-dining-table-plans-curved-leg-woodworking-blueprint-pdf-download/,https://i.etsystatic.com/53333782/r/il/d11a76/8250851700/il_fullxfull.8250851700_2qf4.jpg,DIY Furniture Plans
Midcentury Modern Dining Table Plans Woodworking Plans — Only $3.30 | Beginner Friendly PDF,"This DIY project is one of our most-saved pins! Elevate Your Space with DIY Midcentury Modern Furniture Home Decor! A TIMELESS HANDCRAFTED CENTERPIECE Are you looking to upgrade your dining area with a timeless, handcrafted piece? Build your own st Download the full plans for $3.30 — includes cut list, 3D diagrams & material list. 📌 Save & share with your woodworking friends! #diyfurniture #woodworkingplans #diywoodworking #furnitureplans #handmadefurniture #woodwork #buildyourown #diyprojects ",https://eleswooddesigns.com/products/midcentury-modern-dining-table-plans-curved-leg-woodworking-blueprint-pdf-download/,https://i.etsystatic.com/53333782/r/il/4eeabd/8298767791/il_fullxfull.8298767791_a5y5.jpg,Woodworking Projects for Beginners
Circular Pergola Porch Swing Plans | Freestanding Wood Canopy Arbor Blueprint (PDF) | Step-by-Step P,Build a Stunning Circular Porch Swing & Pergola — Unlike Anything in Your Neighborhood! Create the ultimate relaxing oasis in your garden with this unique DIY Circular Pergola Porch Swing Plans PDF. T ✅ Includes: Porch_Swing_Stand | Patio_Furniture_Plan | Circular_Pergola. Instant PDF download — Medium friendly. #outdoorfurniture #backyardideas #diyoutdoor #pergolaplans #deckideas #patio #outdoorliving #backyard #diywoodworking #woodworkingplans #outdoordiy #gardendesign #deckdecor #patiodesign ,https://eleswooddesigns.com/products/circular-pergola-porch-swing-plans-freestanding-wood-canopy-arbor-blueprint-pdf/,https://eleswooddesigns.com/api/pin/circular-pergola-porch-swing-plans-freestanding-wood-canopy-arbor-blueprint-pdf/pin.jpg,DIY Outdoor Woodworking Plans
Build Your Own Circular Pergola Porch Swing Plans — Outdoor PDF Plans | Instant Download,70% OFF TODAY ONLY! Build a Stunning Circular Porch Swing & Pergola — Unlike Anything in Your Neighborhood! Create the ultimate relaxing oasis in your garden with this unique DIY Circular Pergola Porch Swing Plans PDF. T Get the complete step-by-step woodworking blueprint for only $6.00. Instant digital download. 💛 Save this pin to build later! #outdoorfurniture #backyardideas #diyoutdoor #pergolaplans #deckideas #patio #outdoorliving #backyard #diywoodworking #woodworkingplans #outdoordiy #gar,https://eleswooddesigns.com/products/circular-pergola-porch-swing-plans-freestanding-wood-canopy-arbor-blueprint-pdf/,https://i.etsystatic.com/53333782/r/il/9eebc3/8262436429/il_fullxfull.8262436429_ct85.jpg,DIY Woodworking Plans
Circular Pergola Porch Swing Plans Woodworking Plans — Only $6.00 | Beginner Friendly PDF,"This DIY project is one of our most-saved pins! Build a Stunning Circular Porch Swing & Pergola — Unlike Anything in Your Neighborhood! Create the ultimate relaxing oasis in your garden with this unique DIY Circular Pergola Porch Swing Plans PDF. T Download the full plans for $6.00 — includes cut list, 3D diagrams & material list. 📌 Save & share with your woodworking friends! #outdoorfurniture #backyardideas #diyoutdoor #pergolaplans #deckideas #patio #outdoorliving #backyard #diywoodworking #w",https://eleswooddesigns.com/products/circular-pergola-porch-swing-plans-freestanding-wood-canopy-arbor-blueprint-pdf/,https://i.etsystatic.com/53333782/r/il/871aea/8262436435/il_fullxfull.8262436435_ed2u.jpg,Backyard DIY Projects
DIY Wooden Playhouse Plans with Slide and Swings | Backyard Kids Playground | Step-by-Step | Step-by,"Build an incredible backyard playhouse for your kids with these detailed step-by-step woodworking plans — a complete diy kids playhouse design with slide, swings, and a treehouse-style deck that turns ✅ Includes: Wooden_Playhouse | Modern_Playhouse | Lemonade_stand. Instant PDF download — Easy friendly. #kidsfurniture #diykids #playhouse #treehouse #kidsroom #outdoorplay #kidsdiy #familyproject #diywoodworking #woodworkingplans #childrensfurniture #playroom #kidsoutdoor #backyardplay #kidscrafts",https://eleswooddesigns.com/products/diy-wooden-playhouse-plans-with-slide-and-swings-backyard-kids-playground-step-by-step-pdf/,https://eleswooddesigns.com/api/pin/diy-wooden-playhouse-plans-with-slide-and-swings-backyard-kids-playground-step-by-step-pdf/pin.jpg,DIY Kids Woodworking Plans
Build Your Own DIY Wooden Playhouse Plans with Slide and Swings — Kids PDF Plans | Instant Download,"70% OFF TODAY ONLY! Build an incredible backyard playhouse for your kids with these detailed step-by-step woodworking plans — a complete diy kids playhouse design with slide, swings, and a treehouse-style deck that turns Get the complete step-by-step woodworking blueprint for only $6.99. Instant digital download. 💛 Save this pin to build later! #kidsfurniture #diykids #playhouse #treehouse #kidsroom #outdoorplay #kidsdiy #familyproject #diywoodworking #woodworkingplans #childrensfurniture #play",https://eleswooddesigns.com/products/diy-wooden-playhouse-plans-with-slide-and-swings-backyard-kids-playground-step-by-step-pdf/,https://i.etsystatic.com/53333782/r/il/80435d/7951826745/il_fullxfull.7951826745_bcz1.jpg,DIY Woodworking Plans
DIY Wooden Playhouse Plans with Slide and Swings Woodworking Plans — Only $6.99 | Beginner Friendly ,"This DIY project is one of our most-saved pins! Build an incredible backyard playhouse for your kids with these detailed step-by-step woodworking plans — a complete diy kids playhouse design with slide, swings, and a treehouse-style deck that turns Download the full plans for $6.99 — includes cut list, 3D diagrams & material list. 📌 Save & share with your woodworking friends! #kidsfurniture #diykids #playhouse #treehouse #kidsroom #outdoorplay #kidsdiy #familyproject #diywoodworking #woodworkin",https://eleswooddesigns.com/products/diy-wooden-playhouse-plans-with-slide-and-swings-backyard-kids-playground-step-by-step-pdf/,https://i.etsystatic.com/53333782/r/il/f702d5/7903871900/il_fullxfull.7903871900_gn46.jpg,Kids Outdoor Play Ideas
DIY Outdoor Lounge Chair Plans | Adirondack Garden Chair Woodworking PDF Download | Step-by-Step PDF,"Build a beautiful outdoor lounge chair for your garden, patio, or deck with these detailed woodworking plans — a diy chair plan designed for all skill levels, from first-time builders to experienced w ✅ Includes: outdoor_chair_plan | chair_plan_pdf | woodworking_plan. Instant PDF download — Easy friendly. #diyfurniture #woodworkingplans #diywoodworking #furnitureplans #handmadefurniture #woodwork #buildyourown #diyprojects #homemade #woodworking #furnitureideas #diyhome #woodworkingproject #craf",https://eleswooddesigns.com/products/diy-outdoor-lounge-chair-plans-adirondack-garden-chair-woodworking-pdf-download/,https://eleswooddesigns.com/api/pin/diy-outdoor-lounge-chair-plans-adirondack-garden-chair-woodworking-pdf-download/pin.jpg,DIY Woodworking Plans
Build Your Own DIY Outdoor Lounge Chair Plans — Furniture PDF Plans | Instant Download,"70% OFF TODAY ONLY! Build a beautiful outdoor lounge chair for your garden, patio, or deck with these detailed woodworking plans — a diy chair plan designed for all skill levels, from first-time builders to experienced w Get the complete step-by-step woodworking blueprint for only $4.49. Instant digital download. 💛 Save this pin to build later! #diyfurniture #woodworkingplans #diywoodworking #furnitureplans #handmadefurniture #woodwork #buildyourown #diyprojects #homemade #woodworking #furnitur",https://eleswooddesigns.com/products/diy-outdoor-lounge-chair-plans-adirondack-garden-chair-woodworking-pdf-download/,https://i.etsystatic.com/53333782/r/il/05787e/7903275400/il_fullxfull.7903275400_j82r.jpg,DIY Furniture Plans
DIY Outdoor Lounge Chair Plans Woodworking Plans — Only $4.49 | Beginner Friendly PDF,"This DIY project is one of our most-saved pins! Build a beautiful outdoor lounge chair for your garden, patio, or deck with these detailed woodworking plans — a diy chair plan designed for all skill levels, from first-time builders to experienced w Download the full plans for $4.49 — includes cut list, 3D diagrams & material list. 📌 Save & share with your woodworking friends! #diyfurniture #woodworkingplans #diywoodworking #furnitureplans #handmadefurniture #woodwork #buildyourown #diyprojects ",https://eleswooddesigns.com/products/diy-outdoor-lounge-chair-plans-adirondack-garden-chair-woodworking-pdf-download/,https://i.etsystatic.com/53333782/r/il/1abd21/7951227481/il_fullxfull.7951227481_npxg.jpg,Woodworking Projects for Beginners
"Collapsible Food Cart Plans | Mobile Coffee, Charcuterie, Dessert Blueprint (PDF) | Step-by-Step PDF",Turn Wood Into a Working Business Asset — The Ultimate Foldable Cart Blueprint Ever priced a commercial food cart? They start at thousands of dollars. This DIY Coffee Cart Blueprint gives you the same ✅ Includes: coffee_cart_plan | charcuterie_cart | food_cart_pdf. Instant PDF download — Medium friendly. #outdoorfurniture #backyardideas #diyoutdoor #pergolaplans #deckideas #patio #outdoorliving #backyard #diywoodworking #woodworkingplans #outdoordiy #gardendesign #deckdecor #patiodesign #backyar,https://eleswooddesigns.com/products/collapsible-food-cart-plans-mobile-coffee-charcuterie-dessert-blueprint-pdf/,https://eleswooddesigns.com/api/pin/collapsible-food-cart-plans-mobile-coffee-charcuterie-dessert-blueprint-pdf/pin.jpg,DIY Outdoor Woodworking Plans
Build Your Own Collapsible Food Cart Plans — Outdoor PDF Plans | Instant Download,70% OFF TODAY ONLY! Turn Wood Into a Working Business Asset — The Ultimate Foldable Cart Blueprint Ever priced a commercial food cart? They start at thousands of dollars. This DIY Coffee Cart Blueprint gives you the same Get the complete step-by-step woodworking blueprint for only $5.37. Instant digital download. 💛 Save this pin to build later! #outdoorfurniture #backyardideas #diyoutdoor #pergolaplans #deckideas #patio #outdoorliving #backyard #diywoodworking #woodworkingplans #outdoordiy #gar,https://eleswooddesigns.com/products/collapsible-food-cart-plans-mobile-coffee-charcuterie-dessert-blueprint-pdf/,https://i.etsystatic.com/53333782/r/il/59d6f4/8306753597/il_fullxfull.8306753597_sy15.jpg,DIY Woodworking Plans
Collapsible Food Cart Plans Woodworking Plans — Only $5.37 | Beginner Friendly PDF,"This DIY project is one of our most-saved pins! Turn Wood Into a Working Business Asset — The Ultimate Foldable Cart Blueprint Ever priced a commercial food cart? They start at thousands of dollars. This DIY Coffee Cart Blueprint gives you the same Download the full plans for $5.37 — includes cut list, 3D diagrams & material list. 📌 Save & share with your woodworking friends! #outdoorfurniture #backyardideas #diyoutdoor #pergolaplans #deckideas #patio #outdoorliving #backyard #diywoodworking #w",https://eleswooddesigns.com/products/collapsible-food-cart-plans-mobile-coffee-charcuterie-dessert-blueprint-pdf/,https://i.etsystatic.com/53333782/r/il/28fd67/8258839832/il_fullxfull.8258839832_4pq6.jpg,Backyard DIY Projects
Twin Loft Bed Plans with Stairs & Desk | Space Saving High Sleeper Frame (PDF Download) | Step-by-St,Build a sturdy twin loft bed with stairs using these detailed woodworking plans designed for modern kids and teen rooms. This twin loft bed plan helps you create a strong elevated sleeping frame with  ✅ Includes: Loft_Bed_With_Stairs | Loft_Bed_With_Desk | Twin_Loft_Bed_Plan. Instant PDF download — Easy friendly. #kidsfurniture #diykids #playhouse #treehouse #kidsroom #outdoorplay #kidsdiy #familyproject #diywoodworking #woodworkingplans #childrensfurniture #playroom #kidsoutdoor #backyardplay #,https://eleswooddesigns.com/products/twin-loft-bed-plans-with-stairs-desk-space-saving-high-sleeper-frame-pdf-download/,https://eleswooddesigns.com/api/pin/twin-loft-bed-plans-with-stairs-desk-space-saving-high-sleeper-frame-pdf-download/pin.jpg,DIY Kids Woodworking Plans
Build Your Own Twin Loft Bed Plans with Stairs & Desk — Kids PDF Plans | Instant Download,70% OFF TODAY ONLY! Build a sturdy twin loft bed with stairs using these detailed woodworking plans designed for modern kids and teen rooms. This twin loft bed plan helps you create a strong elevated sleeping frame with  Get the complete step-by-step woodworking blueprint for only $7.80. Instant digital download. 💛 Save this pin to build later! #kidsfurniture #diykids #playhouse #treehouse #kidsroom #outdoorplay #kidsdiy #familyproject #diywoodworking #woodworkingplans #childrensfurniture #play,https://eleswooddesigns.com/products/twin-loft-bed-plans-with-stairs-desk-space-saving-high-sleeper-frame-pdf-download/,https://i.etsystatic.com/53333782/r/il/e7dd24/7746560868/il_fullxfull.7746560868_hfzc.jpg,DIY Woodworking Plans
Twin Loft Bed Plans with Stairs & Desk Woodworking Plans — Only $7.80 | Beginner Friendly PDF,"This DIY project is one of our most-saved pins! Build a sturdy twin loft bed with stairs using these detailed woodworking plans designed for modern kids and teen rooms. This twin loft bed plan helps you create a strong elevated sleeping frame with  Download the full plans for $7.80 — includes cut list, 3D diagrams & material list. 📌 Save & share with your woodworking friends! #kidsfurniture #diykids #playhouse #treehouse #kidsroom #outdoorplay #kidsdiy #familyproject #diywoodworking #woodworkin",https://eleswooddesigns.com/products/twin-loft-bed-plans-with-stairs-desk-space-saving-high-sleeper-frame-pdf-download/,https://i.etsystatic.com/53333782/r/il/74f6e3/7746560854/il_fullxfull.7746560854_ixhj.jpg,Kids Outdoor Play Ideas
Modern Firewood Shed Plan | 8x10 Lean-To Wood Storage PDF (2 Cord Capacity) | Step-by-Step PDF,"Build a sturdy and attractive firewood shed with this modern 8x10 Firewood Shed Plan. This DIY Wood Storage Shed PDF is designed to help you store firewood dry, organized, and ready to burn all season ✅ Includes: firewood_shed | wood_shed_plan | wood_storage. Instant PDF download — Easy friendly. #diyfurniture #woodworkingplans #diywoodworking #furnitureplans #handmadefurniture #woodwork #buildyourown #diyprojects #homemade #woodworking #furnitureideas #diyhome #woodworkingproject #craftsman #ru",https://eleswooddesigns.com/products/modern-firewood-shed-plan-8x10-lean-to-wood-storage-pdf-2-cord-capacity/,https://eleswooddesigns.com/api/pin/modern-firewood-shed-plan-8x10-lean-to-wood-storage-pdf-2-cord-capacity/pin.jpg,DIY Woodworking Plans
Build Your Own Modern Firewood Shed Plan — Furniture PDF Plans | Instant Download,"70% OFF TODAY ONLY! Build a sturdy and attractive firewood shed with this modern 8x10 Firewood Shed Plan. This DIY Wood Storage Shed PDF is designed to help you store firewood dry, organized, and ready to burn all season Get the complete step-by-step woodworking blueprint for only $3.21. Instant digital download. 💛 Save this pin to build later! #diyfurniture #woodworkingplans #diywoodworking #furnitureplans #handmadefurniture #woodwork #buildyourown #diyprojects #homemade #woodworking #furnitur",https://eleswooddesigns.com/products/modern-firewood-shed-plan-8x10-lean-to-wood-storage-pdf-2-cord-capacity/,https://i.etsystatic.com/53333782/r/il/9a752b/7952604614/il_fullxfull.7952604614_vdt9.jpg,DIY Furniture Plans
Modern Firewood Shed Plan Woodworking Plans — Only $3.21 | Beginner Friendly PDF,"This DIY project is one of our most-saved pins! Build a sturdy and attractive firewood shed with this modern 8x10 Firewood Shed Plan. This DIY Wood Storage Shed PDF is designed to help you store firewood dry, organized, and ready to burn all season Download the full plans for $3.21 — includes cut list, 3D diagrams & material list. 📌 Save & share with your woodworking friends! #diyfurniture #woodworkingplans #diywoodworking #furnitureplans #handmadefurniture #woodwork #buildyourown #diyprojects ",https://eleswooddesigns.com/products/modern-firewood-shed-plan-8x10-lean-to-wood-storage-pdf-2-cord-capacity/,https://i.etsystatic.com/53333782/r/il/76ff19/7952604596/il_fullxfull.7952604596_k9yr.jpg,Woodworking Projects for Beginners
DIY Potting Bench Plans with Storage | Garden Workbench Blueprint (PDF Download) | Step-by-Step PDF,DIY Potting Bench Plans – Build Your Own Garden Potting Station Upgrade your gardening space with these professional potting bench plans designed for both beginners and experienced builders. This proj ✅ Includes: potting_bench_plans | potting_station | potting_table_diy. Instant PDF download — Easy friendly. #diygarden #gardenproject #raisedbed #gardenbed #gardendesign #diygardenbed #backyardgarden #vegetablegarden #woodworkingplans #diywoodworking #gardenideas #outdoorgarden #gardenbed #planter,https://eleswooddesigns.com/products/diy-potting-bench-plans-with-storage-garden-workbench-blueprint-pdf-download/,https://eleswooddesigns.com/api/pin/diy-potting-bench-plans-with-storage-garden-workbench-blueprint-pdf-download/pin.jpg,DIY Garden Woodworking Plans
Build Your Own DIY Potting Bench Plans with Storage — Garden PDF Plans | Instant Download,70% OFF TODAY ONLY! DIY Potting Bench Plans – Build Your Own Garden Potting Station Upgrade your gardening space with these professional potting bench plans designed for both beginners and experienced builders. This proj Get the complete step-by-step woodworking blueprint for only $7.35. Instant digital download. 💛 Save this pin to build later! #diygarden #gardenproject #raisedbed #gardenbed #gardendesign #diygardenbed #backyardgarden #vegetablegarden #woodworkingplans #diywoodworking #gardenid,https://eleswooddesigns.com/products/diy-potting-bench-plans-with-storage-garden-workbench-blueprint-pdf-download/,https://i.etsystatic.com/53333782/r/il/208f44/7807309710/il_fullxfull.7807309710_5mux.jpg,DIY Woodworking Plans
DIY Potting Bench Plans with Storage Woodworking Plans — Only $7.35 | Beginner Friendly PDF,"This DIY project is one of our most-saved pins! DIY Potting Bench Plans – Build Your Own Garden Potting Station Upgrade your gardening space with these professional potting bench plans designed for both beginners and experienced builders. This proj Download the full plans for $7.35 — includes cut list, 3D diagrams & material list. 📌 Save & share with your woodworking friends! #diygarden #gardenproject #raisedbed #gardenbed #gardendesign #diygardenbed #backyardgarden #vegetablegarden #woodworkin",https://eleswooddesigns.com/products/diy-potting-bench-plans-with-storage-garden-workbench-blueprint-pdf-download/,https://i.etsystatic.com/53333782/r/il/1c1337/7807309890/il_fullxfull.7807309890_iqzr.jpg,Garden Ideas & Projects
"Rustic 3 Tier Wooden Plant Stand Plans, A-Frame Garden Shelf (PDF Download) | Step-by-Step PDF","Build a Stylish Tiered Plant Stand for Any Space Bring your plants to life with these beautifully detailed plant stand woodworking plans, designed to help you build a sturdy and elegant A frame plant  ✅ Includes: 3_tier_shelf | balcony_decor | patio_flower_rack. Instant PDF download — Easy friendly. #diygarden #gardenproject #raisedbed #gardenbed #gardendesign #diygardenbed #backyardgarden #vegetablegarden #woodworkingplans #diywoodworking #gardenideas #outdoorgarden #gardenbed #planter #diyplan",https://eleswooddesigns.com/products/rustic-3-tier-wooden-plant-stand-plans-a-frame-garden-shelf-pdf-download/,https://eleswooddesigns.com/api/pin/rustic-3-tier-wooden-plant-stand-plans-a-frame-garden-shelf-pdf-download/pin.jpg,DIY Garden Woodworking Plans
"Build Your Own Rustic 3 Tier Wooden Plant Stand Plans, A-Frame Garden Shelf — Garden PDF Plans | Ins","70% OFF TODAY ONLY! Build a Stylish Tiered Plant Stand for Any Space Bring your plants to life with these beautifully detailed plant stand woodworking plans, designed to help you build a sturdy and elegant A frame plant  Get the complete step-by-step woodworking blueprint for only $4.49. Instant digital download. 💛 Save this pin to build later! #diygarden #gardenproject #raisedbed #gardenbed #gardendesign #diygardenbed #backyardgarden #vegetablegarden #woodworkingplans #diywoodworking #gardenid",https://eleswooddesigns.com/products/rustic-3-tier-wooden-plant-stand-plans-a-frame-garden-shelf-pdf-download/,https://i.etsystatic.com/53333782/r/il/bfcad9/7904489552/il_fullxfull.7904489552_ltok.jpg,DIY Woodworking Plans
"Rustic 3 Tier Wooden Plant Stand Plans, A-Frame Garden Shelf Woodworking Plans — Only $4.49 | Beginn","This DIY project is one of our most-saved pins! Build a Stylish Tiered Plant Stand for Any Space Bring your plants to life with these beautifully detailed plant stand woodworking plans, designed to help you build a sturdy and elegant A frame plant  Download the full plans for $4.49 — includes cut list, 3D diagrams & material list. 📌 Save & share with your woodworking friends! #diygarden #gardenproject #raisedbed #gardenbed #gardendesign #diygardenbed #backyardgarden #vegetablegarden #woodworkin",https://eleswooddesigns.com/products/rustic-3-tier-wooden-plant-stand-plans-a-frame-garden-shelf-pdf-download/,https://i.etsystatic.com/53333782/r/il/5e3227/7952442915/il_fullxfull.7952442915_nv92.jpg,Garden Ideas & Projects
Four Wheelie Bin Storage Plans PDF | 90 Gallon & 340L Outdoor Trash Can Enclosure | DIY Ga | Step-by,Hide unsightly garbage bins and improve your home's curb appeal with this easy-to-follow DIY Triple Wheelie Bin Storage Plans PDF. These digital woodworking plans guide you through building a modern w ✅ Includes: wheelie_bin_storage | trash_can_enclosure | triple_bin_shed. Instant PDF download — Intermediate friendly. #outdoorfurniture #backyardideas #diyoutdoor #pergolaplans #deckideas #patio #outdoorliving #backyard #diywoodworking #woodworkingplans #outdoordiy #gardendesign #deckdecor #patiod,https://eleswooddesigns.com/products/four-wheelie-bin-storage-plans-pdf-90-gallon-340l-outdoor-trash-can-enclosure-diy-garbage-bin-shed-plans/,https://eleswooddesigns.com/api/pin/four-wheelie-bin-storage-plans-pdf-90-gallon-340l-outdoor-trash-can-enclosure-diy-garbage-bin-shed-plans/pin.jpg,DIY Outdoor Woodworking Plans
Build Your Own Four Wheelie Bin Storage Plans PDF — Outdoor PDF Plans | Instant Download,70% OFF TODAY ONLY! Hide unsightly garbage bins and improve your home's curb appeal with this easy-to-follow DIY Triple Wheelie Bin Storage Plans PDF. These digital woodworking plans guide you through building a modern w Get the complete step-by-step woodworking blueprint for only $7.35. Instant digital download. 💛 Save this pin to build later! #outdoorfurniture #backyardideas #diyoutdoor #pergolaplans #deckideas #patio #outdoorliving #backyard #diywoodworking #woodworkingplans #outdoordiy #gar,https://eleswooddesigns.com/products/four-wheelie-bin-storage-plans-pdf-90-gallon-340l-outdoor-trash-can-enclosure-diy-garbage-bin-shed-plans/,https://i.etsystatic.com/53333782/r/il/e7aa18/8243824435/il_fullxfull.8243824435_j70b.jpg,DIY Woodworking Plans
Four Wheelie Bin Storage Plans PDF Woodworking Plans — Only $7.35 | Beginner Friendly PDF,"This DIY project is one of our most-saved pins! Hide unsightly garbage bins and improve your home's curb appeal with this easy-to-follow DIY Triple Wheelie Bin Storage Plans PDF. These digital woodworking plans guide you through building a modern w Download the full plans for $7.35 — includes cut list, 3D diagrams & material list. 📌 Save & share with your woodworking friends! #outdoorfurniture #backyardideas #diyoutdoor #pergolaplans #deckideas #patio #outdoorliving #backyard #diywoodworking #w",https://eleswooddesigns.com/products/four-wheelie-bin-storage-plans-pdf-90-gallon-340l-outdoor-trash-can-enclosure-diy-garbage-bin-shed-plans/,https://i.etsystatic.com/53333782/r/il/0cb0a6/8195905578/il_fullxfull.8195905578_ckwh.jpg,Backyard DIY Projects
Double Garden Chair Bench Plans | Adirondack Patio Seating with Table (PDF Download) | Step-by-Step ,"Double Garden Chair Bench with Center Table Two chairs, one center table, zero compromise on comfort. This DIY Double Garden Chair Bench with Center Table Plans PDF gives you a complete woodworking bl ✅ Includes: adirondack_chair | folding_chair | Patio_furniture_plan. Instant PDF download — Intermediate friendly. #printable #instantdownload #digitaldowload #diycraft #homedecor #printabledecor #diyprintable #freeprintable #partyprintable #digitalcraft #craftideas #papercraft #printabledesign #ho",https://eleswooddesigns.com/products/double-garden-chair-bench-plans-adirondack-patio-seating-with-table-pdf-download/,https://eleswooddesigns.com/api/pin/double-garden-chair-bench-plans-adirondack-patio-seating-with-table-pdf-download/pin.jpg,Printable Games & Digital Crafts
Build Your Own Double Garden Chair Bench Plans — Digital PDF Plans | Instant Download,"70% OFF TODAY ONLY! Double Garden Chair Bench with Center Table Two chairs, one center table, zero compromise on comfort. This DIY Double Garden Chair Bench with Center Table Plans PDF gives you a complete woodworking bl Get the complete step-by-step woodworking blueprint for only $3.00. Instant digital download. 💛 Save this pin to build later! #printable #instantdownload #digitaldowload #diycraft #homedecor #printabledecor #diyprintable #freeprintable #partyprintable #digitalcraft #craftideas ",https://eleswooddesigns.com/products/double-garden-chair-bench-plans-adirondack-patio-seating-with-table-pdf-download/,https://i.etsystatic.com/53333782/r/il/75e1ee/8164691321/il_fullxfull.8164691321_87ph.jpg,DIY Woodworking Plans
Double Garden Chair Bench Plans Woodworking Plans — Only $3.00 | Beginner Friendly PDF,"This DIY project is one of our most-saved pins! Double Garden Chair Bench with Center Table Two chairs, one center table, zero compromise on comfort. This DIY Double Garden Chair Bench with Center Table Plans PDF gives you a complete woodworking bl Download the full plans for $3.00 — includes cut list, 3D diagrams & material list. 📌 Save & share with your woodworking friends! #printable #instantdownload #digitaldowload #diycraft #homedecor #printabledecor #diyprintable #freeprintable #partyprin",https://eleswooddesigns.com/products/double-garden-chair-bench-plans-adirondack-patio-seating-with-table-pdf-download/,https://i.etsystatic.com/53333782/r/il/239182/8164691337/il_fullxfull.8164691337_9zg8.jpg,Instant Download Printables
"Toy Box Plans PDF | Stacking Wood Bins, Kids Storage Build (Digital Download) | Step-by-Step PDF","Looking for the perfect toy box for boys or girls? This DIY toy storage build turns raw lumber into a sturdy, family-ready organizer for any playroom, bedroom, or garage — one of the best storage plan ✅ Includes: toy_box_for_boys | storage_plans_toys | wooden_bin_plans. Instant PDF download — Medium friendly. #diyfurniture #woodworkingplans #diywoodworking #furnitureplans #handmadefurniture #woodwork #buildyourown #diyprojects #homemade #woodworking #furnitureideas #diyhome #woodworkingproject #",https://eleswooddesigns.com/products/toy-box-plans-pdf-stacking-wood-bins-kids-storage-build-digital-download/,https://eleswooddesigns.com/api/pin/toy-box-plans-pdf-stacking-wood-bins-kids-storage-build-digital-download/pin.jpg,DIY Woodworking Plans
Build Your Own Toy Box Plans PDF — Furniture PDF Plans | Instant Download,"70% OFF TODAY ONLY! Looking for the perfect toy box for boys or girls? This DIY toy storage build turns raw lumber into a sturdy, family-ready organizer for any playroom, bedroom, or garage — one of the best storage plan Get the complete step-by-step woodworking blueprint for only $3.81. Instant digital download. 💛 Save this pin to build later! #diyfurniture #woodworkingplans #diywoodworking #furnitureplans #handmadefurniture #woodwork #buildyourown #diyprojects #homemade #woodworking #furnitur",https://eleswooddesigns.com/products/toy-box-plans-pdf-stacking-wood-bins-kids-storage-build-digital-download/,https://i.etsystatic.com/53333782/r/il/f157e0/8402805471/il_fullxfull.8402805471_aaec.jpg,DIY Furniture Plans
Toy Box Plans PDF Woodworking Plans — Only $3.81 | Beginner Friendly PDF,"This DIY project is one of our most-saved pins! Looking for the perfect toy box for boys or girls? This DIY toy storage build turns raw lumber into a sturdy, family-ready organizer for any playroom, bedroom, or garage — one of the best storage plan Download the full plans for $3.81 — includes cut list, 3D diagrams & material list. 📌 Save & share with your woodworking friends! #diyfurniture #woodworkingplans #diywoodworking #furnitureplans #handmadefurniture #woodwork #buildyourown #diyprojects ",https://eleswooddesigns.com/products/toy-box-plans-pdf-stacking-wood-bins-kids-storage-build-digital-download/,https://i.etsystatic.com/53333782/r/il/7d8187/8402805463/il_fullxfull.8402805463_abow.jpg,Woodworking Projects for Beginners
DIY Vertical Garden Plans | Wooden Tiered Planter Shelf (PDF Download) | Step-by-Step PDF,DIY Vertical Herb Garden Plans Pdf Create a beautiful and functional vertical herb garden with these easy-to-follow DIY woodworking plans. This digital PDF includes everything you need to build a stur ✅ Includes: vertical_garden | herb_planter | planter_box_pdf. Instant PDF download — Medium friendly. #diygarden #gardenproject #raisedbed #gardenbed #gardendesign #diygardenbed #backyardgarden #vegetablegarden #woodworkingplans #diywoodworking #gardenideas #outdoorgarden #gardenbed #planter #diypl,https://eleswooddesigns.com/products/diy-vertical-garden-plans-wooden-tiered-planter-shelf-pdf-download/,https://eleswooddesigns.com/api/pin/diy-vertical-garden-plans-wooden-tiered-planter-shelf-pdf-download/pin.jpg,DIY Garden Woodworking Plans
Build Your Own DIY Vertical Garden Plans — Garden PDF Plans | Instant Download,70% OFF TODAY ONLY! DIY Vertical Herb Garden Plans Pdf Create a beautiful and functional vertical herb garden with these easy-to-follow DIY woodworking plans. This digital PDF includes everything you need to build a stur Get the complete step-by-step woodworking blueprint for only $3.81. Instant digital download. 💛 Save this pin to build later! #diygarden #gardenproject #raisedbed #gardenbed #gardendesign #diygardenbed #backyardgarden #vegetablegarden #woodworkingplans #diywoodworking #gardenid,https://eleswooddesigns.com/products/diy-vertical-garden-plans-wooden-tiered-planter-shelf-pdf-download/,https://i.etsystatic.com/53333782/r/il/86c221/8350775726/il_fullxfull.8350775726_1dtk.jpg,DIY Woodworking Plans
DIY Vertical Garden Plans Woodworking Plans — Only $3.81 | Beginner Friendly PDF,"This DIY project is one of our most-saved pins! DIY Vertical Herb Garden Plans Pdf Create a beautiful and functional vertical herb garden with these easy-to-follow DIY woodworking plans. This digital PDF includes everything you need to build a stur Download the full plans for $3.81 — includes cut list, 3D diagrams & material list. 📌 Save & share with your woodworking friends! #diygarden #gardenproject #raisedbed #gardenbed #gardendesign #diygardenbed #backyardgarden #vegetablegarden #woodworkin",https://eleswooddesigns.com/products/diy-vertical-garden-plans-wooden-tiered-planter-shelf-pdf-download/,https://i.etsystatic.com/53333782/r/il/27f7b8/8350775746/il_fullxfull.8350775746_1l36.jpg,Garden Ideas & Projects
"DIY Mobile Bar Plans: Outdoor Patio Beverage Station, Bar on Wheels (PDF Download) | Step-by-Step PD",Accurate measurements to reduce wood waste. Assembly Guidance Professional tips for creating a strong frame and smooth rolling bar on wheels. WHY BUILD IT YOURSELF? Buying premium outdoor furniture li ✅ Includes: mobile_bar_plans | outdoor_bar_diy | bar_on_wheels. Instant PDF download — Easy friendly. #outdoorfurniture #backyardideas #diyoutdoor #pergolaplans #deckideas #patio #outdoorliving #backyard #diywoodworking #woodworkingplans #outdoordiy #gardendesign #deckdecor #patiodesign #backyarddi,https://eleswooddesigns.com/products/diy-mobile-bar-plans-outdoor-patio-beverage-station-bar-on-wheels-pdf-download/,https://eleswooddesigns.com/api/pin/diy-mobile-bar-plans-outdoor-patio-beverage-station-bar-on-wheels-pdf-download/pin.jpg,DIY Outdoor Woodworking Plans
Build Your Own DIY Mobile Bar Plans — Outdoor PDF Plans | Instant Download,70% OFF TODAY ONLY! Accurate measurements to reduce wood waste. Assembly Guidance Professional tips for creating a strong frame and smooth rolling bar on wheels. WHY BUILD IT YOURSELF? Buying premium outdoor furniture li Get the complete step-by-step woodworking blueprint for only $7.80. Instant digital download. 💛 Save this pin to build later! #outdoorfurniture #backyardideas #diyoutdoor #pergolaplans #deckideas #patio #outdoorliving #backyard #diywoodworking #woodworkingplans #outdoordiy #gar,https://eleswooddesigns.com/products/diy-mobile-bar-plans-outdoor-patio-beverage-station-bar-on-wheels-pdf-download/,https://i.etsystatic.com/53333782/r/il/e11be3/7806986058/il_fullxfull.7806986058_3oxb.jpg,DIY Woodworking Plans
DIY Mobile Bar Plans Woodworking Plans — Only $7.80 | Beginner Friendly PDF,"This DIY project is one of our most-saved pins! Accurate measurements to reduce wood waste. Assembly Guidance Professional tips for creating a strong frame and smooth rolling bar on wheels. WHY BUILD IT YOURSELF? Buying premium outdoor furniture li Download the full plans for $7.80 — includes cut list, 3D diagrams & material list. 📌 Save & share with your woodworking friends! #outdoorfurniture #backyardideas #diyoutdoor #pergolaplans #deckideas #patio #outdoorliving #backyard #diywoodworking #w",https://eleswooddesigns.com/products/diy-mobile-bar-plans-outdoor-patio-beverage-station-bar-on-wheels-pdf-download/,https://i.etsystatic.com/53333782/r/il/3e081e/7806986060/il_fullxfull.7806986060_im53.jpg,Backyard DIY Projects
DIY Modern Wood & Metal Fence Plan: Beginner-Friendly (PDF) | Step-by-Step PDF,"DIY Garden Fence Plan – Build a Modern Wood & Metal Fence for Your Yard or Garden! Transform your outdoor space with this modern, durable, and stylish fence design. Whether you're upgrading your backy ✅ Includes: fence_plan | hog_panel_fence | wild_hog_panel. Instant PDF download — Easy friendly. #diyfurniture #woodworkingplans #diywoodworking #furnitureplans #handmadefurniture #woodwork #buildyourown #diyprojects #homemade #woodworking #furnitureideas #diyhome #woodworkingproject #craftsman #ru",https://eleswooddesigns.com/products/diy-modern-wood-metal-fence-plan-beginner-friendly-pdf/,https://eleswooddesigns.com/api/pin/diy-modern-wood-metal-fence-plan-beginner-friendly-pdf/pin.jpg,DIY Woodworking Plans
Build Your Own DIY Modern Wood & Metal Fence Plan — Furniture PDF Plans | Instant Download,"70% OFF TODAY ONLY! DIY Garden Fence Plan – Build a Modern Wood & Metal Fence for Your Yard or Garden! Transform your outdoor space with this modern, durable, and stylish fence design. Whether you're upgrading your backy Get the complete step-by-step woodworking blueprint for only $4.79. Instant digital download. 💛 Save this pin to build later! #diyfurniture #woodworkingplans #diywoodworking #furnitureplans #handmadefurniture #woodwork #buildyourown #diyprojects #homemade #woodworking #furnitur",https://eleswooddesigns.com/products/diy-modern-wood-metal-fence-plan-beginner-friendly-pdf/,https://i.etsystatic.com/53333782/r/il/01e7ed/7288313837/il_fullxfull.7288313837_li5y.jpg,DIY Furniture Plans
DIY Modern Wood & Metal Fence Plan Woodworking Plans — Only $4.79 | Beginner Friendly PDF,"This DIY project is one of our most-saved pins! DIY Garden Fence Plan – Build a Modern Wood & Metal Fence for Your Yard or Garden! Transform your outdoor space with this modern, durable, and stylish fence design. Whether you're upgrading your backy Download the full plans for $4.79 — includes cut list, 3D diagrams & material list. 📌 Save & share with your woodworking friends! #diyfurniture #woodworkingplans #diywoodworking #furnitureplans #handmadefurniture #woodwork #buildyourown #diyprojects ",https://eleswooddesigns.com/products/diy-modern-wood-metal-fence-plan-beginner-friendly-pdf/,https://i.etsystatic.com/53333782/r/il/82c277/7288313879/il_fullxfull.7288313879_kamd.jpg,Woodworking Projects for Beginners
DIY Lift Top Coffee Table Plans | Mid-Century Modern Storage Blueprint PDF Download | Step-by-Step P,"Build a stunning lift top coffee table for your living room with these complete woodworking plans — a mid century table design featuring a hidden compartment, built-in drawer, open display shelves, an ✅ Includes: lift_top_table | coffee_table_pdf | diy_coffee_table. Instant PDF download — Hard friendly. #diyfurniture #woodworkingplans #diywoodworking #furnitureplans #handmadefurniture #woodwork #buildyourown #diyprojects #homemade #woodworking #furnitureideas #diyhome #woodworkingproject #crafts",https://eleswooddesigns.com/products/diy-lift-top-coffee-table-plans-mid-century-modern-storage-blueprint-pdf-download/,https://eleswooddesigns.com/api/pin/diy-lift-top-coffee-table-plans-mid-century-modern-storage-blueprint-pdf-download/pin.jpg,DIY Woodworking Plans
Build Your Own DIY Lift Top Coffee Table Plans — Furniture PDF Plans | Instant Download,"70% OFF TODAY ONLY! Build a stunning lift top coffee table for your living room with these complete woodworking plans — a mid century table design featuring a hidden compartment, built-in drawer, open display shelves, an Get the complete step-by-step woodworking blueprint for only $3.00. Instant digital download. 💛 Save this pin to build later! #diyfurniture #woodworkingplans #diywoodworking #furnitureplans #handmadefurniture #woodwork #buildyourown #diyprojects #homemade #woodworking #furnitur",https://eleswooddesigns.com/products/diy-lift-top-coffee-table-plans-mid-century-modern-storage-blueprint-pdf-download/,https://i.etsystatic.com/53333782/r/il/f336f7/7970326161/il_fullxfull.7970326161_npla.jpg,DIY Furniture Plans
DIY Lift Top Coffee Table Plans Woodworking Plans — Only $3.00 | Beginner Friendly PDF,"This DIY project is one of our most-saved pins! Build a stunning lift top coffee table for your living room with these complete woodworking plans — a mid century table design featuring a hidden compartment, built-in drawer, open display shelves, an Download the full plans for $3.00 — includes cut list, 3D diagrams & material list. 📌 Save & share with your woodworking friends! #diyfurniture #woodworkingplans #diywoodworking #furnitureplans #handmadefurniture #woodwork #buildyourown #diyprojects ",https://eleswooddesigns.com/products/diy-lift-top-coffee-table-plans-mid-century-modern-storage-blueprint-pdf-download/,https://i.etsystatic.com/53333782/r/il/5cb095/7970326223/il_fullxfull.7970326223_iwfm.jpg,Woodworking Projects for Beginners
"Triple Bunk Bed Plans with Storage Stairs, Wooden Loft Bed Blueprint (Digital Download) | Step-by-St","Maximize Your Space with Premium DIY Triple Tier Bunk Bed Plans! THE ULTIMATE SPACE-SAVING SLEEPOVER SETUP Running out of floor space in the kids' room, guest room, or vacation cabin? Build the ultima ✅ Includes: triple_bunk_bed | bunk_bed_plans_pdf | bed_with_stairs. Instant PDF download — Medium friendly. #kidsfurniture #diykids #playhouse #treehouse #kidsroom #outdoorplay #kidsdiy #familyproject #diywoodworking #woodworkingplans #childrensfurniture #playroom #kidsoutdoor #backyardplay #kidscr",https://eleswooddesigns.com/products/triple-bunk-bed-plans-with-storage-stairs-wooden-loft-bed-blueprint-digital-download/,https://eleswooddesigns.com/api/pin/triple-bunk-bed-plans-with-storage-stairs-wooden-loft-bed-blueprint-digital-download/pin.jpg,DIY Kids Woodworking Plans
"Build Your Own Triple Bunk Bed Plans with Storage Stairs, Wooden Loft Bed B — Kids PDF Plans | Insta","70% OFF TODAY ONLY! Maximize Your Space with Premium DIY Triple Tier Bunk Bed Plans! THE ULTIMATE SPACE-SAVING SLEEPOVER SETUP Running out of floor space in the kids' room, guest room, or vacation cabin? Build the ultima Get the complete step-by-step woodworking blueprint for only $3.81. Instant digital download. 💛 Save this pin to build later! #kidsfurniture #diykids #playhouse #treehouse #kidsroom #outdoorplay #kidsdiy #familyproject #diywoodworking #woodworkingplans #childrensfurniture #play",https://eleswooddesigns.com/products/triple-bunk-bed-plans-with-storage-stairs-wooden-loft-bed-blueprint-digital-download/,https://i.etsystatic.com/53333782/r/il/303004/8239431774/il_fullxfull.8239431774_kogi.jpg,DIY Woodworking Plans
"Triple Bunk Bed Plans with Storage Stairs, Wooden Loft Bed B Woodworking Plans — Only $3.81 | Beginn","This DIY project is one of our most-saved pins! Maximize Your Space with Premium DIY Triple Tier Bunk Bed Plans! THE ULTIMATE SPACE-SAVING SLEEPOVER SETUP Running out of floor space in the kids' room, guest room, or vacation cabin? Build the ultima Download the full plans for $3.81 — includes cut list, 3D diagrams & material list. 📌 Save & share with your woodworking friends! #kidsfurniture #diykids #playhouse #treehouse #kidsroom #outdoorplay #kidsdiy #familyproject #diywoodworking #woodworkin",https://eleswooddesigns.com/products/triple-bunk-bed-plans-with-storage-stairs-wooden-loft-bed-blueprint-digital-download/,https://i.etsystatic.com/53333782/r/il/c3a805/8239431262/il_fullxfull.8239431262_fnzh.jpg,Kids Outdoor Play Ideas
DIY Farm Stand Plans PDF | Wooden Produce Stand Plans | Roadside Market Stand | Flower & B | Step-by,Build Your Own Wooden Farm Stand with Printable PDF Plans Create a functional and attractive wooden farm stand using these detailed digital woodworking plans. This downloadable PDF is designed to help ✅ Includes: DIY_Farm_Stand | Farm_Stand_Plans | Produce_Stand. Instant PDF download — Medium friendly. #diygarden #gardenproject #raisedbed #gardenbed #gardendesign #diygardenbed #backyardgarden #vegetablegarden #woodworkingplans #diywoodworking #gardenideas #outdoorgarden #gardenbed #planter #diyp,https://eleswooddesigns.com/products/diy-farm-stand-plans-pdf-wooden-produce-stand-plans-roadside-market-stand-flower-bakery-display-digital-download/,https://eleswooddesigns.com/api/pin/diy-farm-stand-plans-pdf-wooden-produce-stand-plans-roadside-market-stand-flower-bakery-display-digital-download/pin.jpg,DIY Garden Woodworking Plans
Build Your Own DIY Farm Stand Plans PDF — Garden PDF Plans | Instant Download,70% OFF TODAY ONLY! Build Your Own Wooden Farm Stand with Printable PDF Plans Create a functional and attractive wooden farm stand using these detailed digital woodworking plans. This downloadable PDF is designed to help Get the complete step-by-step woodworking blueprint for only $5.40. Instant digital download. 💛 Save this pin to build later! #diygarden #gardenproject #raisedbed #gardenbed #gardendesign #diygardenbed #backyardgarden #vegetablegarden #woodworkingplans #diywoodworking #gardenid,https://eleswooddesigns.com/products/diy-farm-stand-plans-pdf-wooden-produce-stand-plans-roadside-market-stand-flower-bakery-display-digital-download/,https://i.etsystatic.com/53333782/r/il/a2b8ec/8380491463/il_fullxfull.8380491463_rxcd.jpg,DIY Woodworking Plans
DIY Farm Stand Plans PDF Woodworking Plans — Only $5.40 | Beginner Friendly PDF,"This DIY project is one of our most-saved pins! Build Your Own Wooden Farm Stand with Printable PDF Plans Create a functional and attractive wooden farm stand using these detailed digital woodworking plans. This downloadable PDF is designed to help Download the full plans for $5.40 — includes cut list, 3D diagrams & material list. 📌 Save & share with your woodworking friends! #diygarden #gardenproject #raisedbed #gardenbed #gardendesign #diygardenbed #backyardgarden #vegetablegarden #woodworkin",https://eleswooddesigns.com/products/diy-farm-stand-plans-pdf-wooden-produce-stand-plans-roadside-market-stand-flower-bakery-display-digital-download/,https://i.etsystatic.com/53333782/r/il/48e81a/8332597996/il_fullxfull.8332597996_6hjn.jpg,Garden Ideas & Projects
"DIY Picnic Table Plans | Outdoor Table with Backrest, Umbrella Hole (PDF Download) | Step-by-Step PD",Skip the backless benches that leave everyone hunching forward by the second course. These DIY Picnic Table Plans PDF give you a complete woodworking blueprint for a heavy-duty outdoor table with atta ✅ Includes: picnic_table_plans | diy_picnic_table | picnic_table_set. Instant PDF download — Easy friendly. #diyfurniture #woodworkingplans #diywoodworking #furnitureplans #handmadefurniture #woodwork #buildyourown #diyprojects #homemade #woodworking #furnitureideas #diyhome #woodworkingproject #cr,https://eleswooddesigns.com/products/diy-picnic-table-plans-outdoor-table-with-backrest-umbrella-hole-pdf-download/,https://eleswooddesigns.com/api/pin/diy-picnic-table-plans-outdoor-table-with-backrest-umbrella-hole-pdf-download/pin.jpg,DIY Woodworking Plans
Build Your Own DIY Picnic Table Plans — Furniture PDF Plans | Instant Download,70% OFF TODAY ONLY! Skip the backless benches that leave everyone hunching forward by the second course. These DIY Picnic Table Plans PDF give you a complete woodworking blueprint for a heavy-duty outdoor table with atta Get the complete step-by-step woodworking blueprint for only $3.81. Instant digital download. 💛 Save this pin to build later! #diyfurniture #woodworkingplans #diywoodworking #furnitureplans #handmadefurniture #woodwork #buildyourown #diyprojects #homemade #woodworking #furnitur,https://eleswooddesigns.com/products/diy-picnic-table-plans-outdoor-table-with-backrest-umbrella-hole-pdf-download/,https://i.etsystatic.com/53333782/r/il/13e822/8000354715/il_fullxfull.8000354715_7nye.jpg,DIY Furniture Plans
DIY Picnic Table Plans Woodworking Plans — Only $3.81 | Beginner Friendly PDF,"This DIY project is one of our most-saved pins! Skip the backless benches that leave everyone hunching forward by the second course. These DIY Picnic Table Plans PDF give you a complete woodworking blueprint for a heavy-duty outdoor table with atta Download the full plans for $3.81 — includes cut list, 3D diagrams & material list. 📌 Save & share with your woodworking friends! #diyfurniture #woodworkingplans #diywoodworking #furnitureplans #handmadefurniture #woodwork #buildyourown #diyprojects ",https://eleswooddesigns.com/products/diy-picnic-table-plans-outdoor-table-with-backrest-umbrella-hole-pdf-download/,https://i.etsystatic.com/53333782/r/il/76c857/7952397186/il_fullxfull.7952397186_m6on.jpg,Woodworking Projects for Beginners
DIY Outdoor Ping Pong Table Plans | Foldable Wooden Table Tennis Blueprint PDF Download | Step-by-St,"Build a professional-grade outdoor ping pong table with these complete woodworking plans — a modern diy ping pong table design with sturdy angled legs, a perfectly level playing surface, and a sleek w ✅ Includes: outdoor_ping_pong | foldable_table_plan | DIY_ping_pong_table. Instant PDF download — Easy friendly. #diygarden #gardenproject #raisedbed #gardenbed #gardendesign #diygardenbed #backyardgarden #vegetablegarden #woodworkingplans #diywoodworking #gardenideas #outdoorgarden #gardenbed #pla",https://eleswooddesigns.com/products/diy-outdoor-ping-pong-table-plans-foldable-wooden-table-tennis-blueprint-pdf-download/,https://eleswooddesigns.com/api/pin/diy-outdoor-ping-pong-table-plans-foldable-wooden-table-tennis-blueprint-pdf-download/pin.jpg,DIY Garden Woodworking Plans
Build Your Own DIY Outdoor Ping Pong Table Plans — Garden PDF Plans | Instant Download,"70% OFF TODAY ONLY! Build a professional-grade outdoor ping pong table with these complete woodworking plans — a modern diy ping pong table design with sturdy angled legs, a perfectly level playing surface, and a sleek w Get the complete step-by-step woodworking blueprint for only $6.49. Instant digital download. 💛 Save this pin to build later! #diygarden #gardenproject #raisedbed #gardenbed #gardendesign #diygardenbed #backyardgarden #vegetablegarden #woodworkingplans #diywoodworking #gardenid",https://eleswooddesigns.com/products/diy-outdoor-ping-pong-table-plans-foldable-wooden-table-tennis-blueprint-pdf-download/,https://i.etsystatic.com/53333782/r/il/f21a78/7953154533/il_fullxfull.7953154533_n68y.jpg,DIY Woodworking Plans
DIY Outdoor Ping Pong Table Plans Woodworking Plans — Only $6.49 | Beginner Friendly PDF,"This DIY project is one of our most-saved pins! Build a professional-grade outdoor ping pong table with these complete woodworking plans — a modern diy ping pong table design with sturdy angled legs, a perfectly level playing surface, and a sleek w Download the full plans for $6.49 — includes cut list, 3D diagrams & material list. 📌 Save & share with your woodworking friends! #diygarden #gardenproject #raisedbed #gardenbed #gardendesign #diygardenbed #backyardgarden #vegetablegarden #woodworkin",https://eleswooddesigns.com/products/diy-outdoor-ping-pong-table-plans-foldable-wooden-table-tennis-blueprint-pdf-download/,https://i.etsystatic.com/53333782/r/il/1f736c/7905201094/il_fullxfull.7905201094_r2z7.jpg,Garden Ideas & Projects
Mobile Miter Saw Station Plans | Rolling Tool Cart Blueprint (PDF Download) | Step-by-Step PDF,Build the Ultimate Mobile Workstation for Your Workshop! 100% Satisfaction & Money-Back Guarantee! We are so confident that you will love building this project that we offer a 100% money-back guarante ✅ Includes: Mobile_Workbench | Tool_Cart_DIY | Woodworking_Plans. Instant PDF download — Intermediate friendly. #diyfurniture #woodworkingplans #diywoodworking #furnitureplans #handmadefurniture #woodwork #buildyourown #diyprojects #homemade #woodworking #furnitureideas #diyhome #woodworkingproject,https://eleswooddesigns.com/products/mobile-miter-saw-station-plans-rolling-tool-cart-blueprint-pdf-download/,https://eleswooddesigns.com/api/pin/mobile-miter-saw-station-plans-rolling-tool-cart-blueprint-pdf-download/pin.jpg,DIY Woodworking Plans
Build Your Own Mobile Miter Saw Station Plans — Furniture PDF Plans | Instant Download,70% OFF TODAY ONLY! Build the Ultimate Mobile Workstation for Your Workshop! 100% Satisfaction & Money-Back Guarantee! We are so confident that you will love building this project that we offer a 100% money-back guarante Get the complete step-by-step woodworking blueprint for only $3.00. Instant digital download. 💛 Save this pin to build later! #diyfurniture #woodworkingplans #diywoodworking #furnitureplans #handmadefurniture #woodwork #buildyourown #diyprojects #homemade #woodworking #furnitur,https://eleswooddesigns.com/products/mobile-miter-saw-station-plans-rolling-tool-cart-blueprint-pdf-download/,https://i.etsystatic.com/53333782/r/il/bbffb9/8234609915/il_fullxfull.8234609915_evzi.jpg,DIY Furniture Plans
Mobile Miter Saw Station Plans Woodworking Plans — Only $3.00 | Beginner Friendly PDF,"This DIY project is one of our most-saved pins! Build the Ultimate Mobile Workstation for Your Workshop! 100% Satisfaction & Money-Back Guarantee! We are so confident that you will love building this project that we offer a 100% money-back guarante Download the full plans for $3.00 — includes cut list, 3D diagrams & material list. 📌 Save & share with your woodworking friends! #diyfurniture #woodworkingplans #diywoodworking #furnitureplans #handmadefurniture #woodwork #buildyourown #diyprojects ",https://eleswooddesigns.com/products/mobile-miter-saw-station-plans-rolling-tool-cart-blueprint-pdf-download/,https://i.etsystatic.com/53333782/r/il/fbf880/8234609601/il_fullxfull.8234609601_pqav.jpg,Woodworking Projects for Beginners
DIY Mobile Bar Cart Plan: Foldable Beverage & Food Cart (PDF Download) | Step-by-Step PDF,"Build Your Dream Event: The Ultimate DIY Mobile Serving Cart Plan Craft the centerpiece of your next event with our comprehensive, step-by-step project plan! Imagine effortlessly serving your guests f ✅ Includes: Custom_food_cart | Charcuterie_cart | foldable_cart. Instant PDF download — Easy friendly. #outdoorfurniture #backyardideas #diyoutdoor #pergolaplans #deckideas #patio #outdoorliving #backyard #diywoodworking #woodworkingplans #outdoordiy #gardendesign #deckdecor #patiodesign #backyardd",https://eleswooddesigns.com/products/diy-mobile-bar-cart-plan-foldable-beverage-food-cart-pdf-download/,https://eleswooddesigns.com/api/pin/diy-mobile-bar-cart-plan-foldable-beverage-food-cart-pdf-download/pin.jpg,DIY Outdoor Woodworking Plans
Build Your Own DIY Mobile Bar Cart Plan — Outdoor PDF Plans | Instant Download,"70% OFF TODAY ONLY! Build Your Dream Event: The Ultimate DIY Mobile Serving Cart Plan Craft the centerpiece of your next event with our comprehensive, step-by-step project plan! Imagine effortlessly serving your guests f Get the complete step-by-step woodworking blueprint for only $8.10. Instant digital download. 💛 Save this pin to build later! #outdoorfurniture #backyardideas #diyoutdoor #pergolaplans #deckideas #patio #outdoorliving #backyard #diywoodworking #woodworkingplans #outdoordiy #gar",https://eleswooddesigns.com/products/diy-mobile-bar-cart-plan-foldable-beverage-food-cart-pdf-download/,https://i.etsystatic.com/53333782/r/il/7d25a6/7786661280/il_fullxfull.7786661280_nbal.jpg,DIY Woodworking Plans
DIY Mobile Bar Cart Plan Woodworking Plans — Only $8.10 | Beginner Friendly PDF,"This DIY project is one of our most-saved pins! Build Your Dream Event: The Ultimate DIY Mobile Serving Cart Plan Craft the centerpiece of your next event with our comprehensive, step-by-step project plan! Imagine effortlessly serving your guests f Download the full plans for $8.10 — includes cut list, 3D diagrams & material list. 📌 Save & share with your woodworking friends! #outdoorfurniture #backyardideas #diyoutdoor #pergolaplans #deckideas #patio #outdoorliving #backyard #diywoodworking #w",https://eleswooddesigns.com/products/diy-mobile-bar-cart-plan-foldable-beverage-food-cart-pdf-download/,https://i.etsystatic.com/53333782/r/il/1b6413/7834595925/il_fullxfull.7834595925_c3rv.jpg,Backyard DIY Projects
Custom Watercolour Portrait From Photo | Mother Gift Personalized Mom Wall Art Digital Dow | Step-by,"Give the mom in your life something no store can replicate — a hand-styled custom watercolour portrait painted from your own photo, delivered as a high-resolution digital file ready to print and frame ✅ Includes: watercolor_portrait | Paintings_From_Photo | Custom_Portrait. Instant PDF download — Easy friendly. #printable #instantdownload #digitaldowload #diycraft #homedecor #printabledecor #diyprintable #freeprintable #partyprintable #digitalcraft #craftideas #papercraft #printabledesign #homed",https://eleswooddesigns.com/products/custom-watercolour-portrait-from-photo-mother-gift-personalized-mom-wall-art-digital-download/,https://eleswooddesigns.com/api/pin/custom-watercolour-portrait-from-photo-mother-gift-personalized-mom-wall-art-digital-download/pin.jpg,Printable Games & Digital Crafts
Build Your Own Custom Watercolour Portrait From Photo — Digital PDF Plans | Instant Download,"70% OFF TODAY ONLY! Give the mom in your life something no store can replicate — a hand-styled custom watercolour portrait painted from your own photo, delivered as a high-resolution digital file ready to print and frame Get the complete step-by-step woodworking blueprint for only $9.00. Instant digital download. 💛 Save this pin to build later! #printable #instantdownload #digitaldowload #diycraft #homedecor #printabledecor #diyprintable #freeprintable #partyprintable #digitalcraft #craftideas ",https://eleswooddesigns.com/products/custom-watercolour-portrait-from-photo-mother-gift-personalized-mom-wall-art-digital-download/,https://i.etsystatic.com/53333782/r/il/87953d/7474145125/il_fullxfull.7474145125_pa8k.jpg,DIY Woodworking Plans
Custom Watercolour Portrait From Photo Woodworking Plans — Only $9.00 | Beginner Friendly PDF,"This DIY project is one of our most-saved pins! Give the mom in your life something no store can replicate — a hand-styled custom watercolour portrait painted from your own photo, delivered as a high-resolution digital file ready to print and frame Download the full plans for $9.00 — includes cut list, 3D diagrams & material list. 📌 Save & share with your woodworking friends! #printable #instantdownload #digitaldowload #diycraft #homedecor #printabledecor #diyprintable #freeprintable #partyprin",https://eleswooddesigns.com/products/custom-watercolour-portrait-from-photo-mother-gift-personalized-mom-wall-art-digital-download/,https://i.etsystatic.com/53333782/r/il/dadd5b/7474145789/il_fullxfull.7474145789_s81a.jpg,Instant Download Printables
5-Tier Garden Planter Plans – Wooden Raised Vegetable Planter (PDF Download) | Step-by-Step PDF,Create a beautiful vertical garden with these DIY 5-Tier Garden Planter Plans. This project is perfect for any plant lover who enjoys woodworking projects and creative wood working wood patterns for o ✅ Includes: tier_planter_plans | raised_planter_plans | DIY_planter_plans. Instant PDF download — Easy friendly. #diygarden #gardenproject #raisedbed #gardenbed #gardendesign #diygardenbed #backyardgarden #vegetablegarden #woodworkingplans #diywoodworking #gardenideas #outdoorgarden #gardenbed #pla,https://eleswooddesigns.com/products/5-tier-garden-planter-plans-wooden-raised-vegetable-planter-pdf-download/,https://eleswooddesigns.com/api/pin/5-tier-garden-planter-plans-wooden-raised-vegetable-planter-pdf-download/pin.jpg,DIY Garden Woodworking Plans
Build Your Own 5-Tier Garden Planter Plans – Wooden Raised Vegetable Plante — Garden PDF Plans | Ins,70% OFF TODAY ONLY! Create a beautiful vertical garden with these DIY 5-Tier Garden Planter Plans. This project is perfect for any plant lover who enjoys woodworking projects and creative wood working wood patterns for o Get the complete step-by-step woodworking blueprint for only $4.35. Instant digital download. 💛 Save this pin to build later! #diygarden #gardenproject #raisedbed #gardenbed #gardendesign #diygardenbed #backyardgarden #vegetablegarden #woodworkingplans #diywoodworking #gardenid,https://eleswooddesigns.com/products/5-tier-garden-planter-plans-wooden-raised-vegetable-planter-pdf-download/,https://i.etsystatic.com/53333782/r/il/f12ad6/7841977769/il_fullxfull.7841977769_ecxu.jpg,DIY Woodworking Plans
5-Tier Garden Planter Plans – Wooden Raised Vegetable Plante Woodworking Plans — Only $4.35 | Beginn,"This DIY project is one of our most-saved pins! Create a beautiful vertical garden with these DIY 5-Tier Garden Planter Plans. This project is perfect for any plant lover who enjoys woodworking projects and creative wood working wood patterns for o Download the full plans for $4.35 — includes cut list, 3D diagrams & material list. 📌 Save & share with your woodworking friends! #diygarden #gardenproject #raisedbed #gardenbed #gardendesign #diygardenbed #backyardgarden #vegetablegarden #woodworkin",https://eleswooddesigns.com/products/5-tier-garden-planter-plans-wooden-raised-vegetable-planter-pdf-download/,https://i.etsystatic.com/53333782/r/il/24b7a7/7794045736/il_fullxfull.7794045736_tn0p.jpg,Garden Ideas & Projects
Wall Mounted Folding Desk Plans | Space Saving Wooden Workstation (PDF Download) | Step-by-Step PDF,"Create your own wall-mounted folding desk with this detailed PDF woodworking plan. Designed for compact living, this space-saving solution transforms from a decorative shelf into a fully functional wo ✅ Includes: Wooden_desk | Wall-mounted | Folding_desk. Instant PDF download — Easy friendly. #diyfurniture #woodworkingplans #diywoodworking #furnitureplans #handmadefurniture #woodwork #buildyourown #diyprojects #homemade #woodworking #furnitureideas #diyhome #woodworkingproject #craftsman #rustic",https://eleswooddesigns.com/products/wall-mounted-folding-desk-plans-space-saving-wooden-workstation-pdf-download/,https://eleswooddesigns.com/api/pin/wall-mounted-folding-desk-plans-space-saving-wooden-workstation-pdf-download/pin.jpg,DIY Woodworking Plans
Build Your Own Wall Mounted Folding Desk Plans — Furniture PDF Plans | Instant Download,"70% OFF TODAY ONLY! Create your own wall-mounted folding desk with this detailed PDF woodworking plan. Designed for compact living, this space-saving solution transforms from a decorative shelf into a fully functional wo Get the complete step-by-step woodworking blueprint for only $10.50. Instant digital download. 💛 Save this pin to build later! #diyfurniture #woodworkingplans #diywoodworking #furnitureplans #handmadefurniture #woodwork #buildyourown #diyprojects #homemade #woodworking #furnitu",https://eleswooddesigns.com/products/wall-mounted-folding-desk-plans-space-saving-wooden-workstation-pdf-download/,https://i.etsystatic.com/53333782/r/il/c33ff8/7746468292/il_fullxfull.7746468292_8igd.jpg,DIY Furniture Plans
Wall Mounted Folding Desk Plans Woodworking Plans — Only $10.50 | Beginner Friendly PDF,"This DIY project is one of our most-saved pins! Create your own wall-mounted folding desk with this detailed PDF woodworking plan. Designed for compact living, this space-saving solution transforms from a decorative shelf into a fully functional wo Download the full plans for $10.50 — includes cut list, 3D diagrams & material list. 📌 Save & share with your woodworking friends! #diyfurniture #woodworkingplans #diywoodworking #furnitureplans #handmadefurniture #woodwork #buildyourown #diyprojects",https://eleswooddesigns.com/products/wall-mounted-folding-desk-plans-space-saving-wooden-workstation-pdf-download/,https://i.etsystatic.com/53333782/r/il/4d79ac/7794425679/il_fullxfull.7794425679_7lr8.jpg,Woodworking Projects for Beginners
"DIY Playhouse Plans: 2-Story Elevated Kids Clubhouse, Backyard Fort Playground (PDF Downlo | Step-by",Build an Amazing Backyard Adventure with DIY Playhouse Plans! Create the perfect outdoor adventure space for your children with these detailed playhouse plans. This large two-story structure combines  ✅ Includes: playhouse_plans | diy_playhouse | outdoor_play_house. Instant PDF download — Easy friendly. #kidsfurniture #diykids #playhouse #treehouse #kidsroom #outdoorplay #kidsdiy #familyproject #diywoodworking #woodworkingplans #childrensfurniture #playroom #kidsoutdoor #backyardplay #kidscrafts,https://eleswooddesigns.com/products/diy-playhouse-plans-2-story-elevated-kids-clubhouse-backyard-fort-playground-pdf-download/,https://eleswooddesigns.com/api/pin/diy-playhouse-plans-2-story-elevated-kids-clubhouse-backyard-fort-playground-pdf-download/pin.jpg,DIY Kids Woodworking Plans
Build Your Own DIY Playhouse Plans — Kids PDF Plans | Instant Download,70% OFF TODAY ONLY! Build an Amazing Backyard Adventure with DIY Playhouse Plans! Create the perfect outdoor adventure space for your children with these detailed playhouse plans. This large two-story structure combines  Get the complete step-by-step woodworking blueprint for only $8.40. Instant digital download. 💛 Save this pin to build later! #kidsfurniture #diykids #playhouse #treehouse #kidsroom #outdoorplay #kidsdiy #familyproject #diywoodworking #woodworkingplans #childrensfurniture #play,https://eleswooddesigns.com/products/diy-playhouse-plans-2-story-elevated-kids-clubhouse-backyard-fort-playground-pdf-download/,https://i.etsystatic.com/53333782/r/il/452231/7854097739/il_fullxfull.7854097739_xr9j.jpg,DIY Woodworking Plans
DIY Playhouse Plans Woodworking Plans — Only $8.40 | Beginner Friendly PDF,"This DIY project is one of our most-saved pins! Build an Amazing Backyard Adventure with DIY Playhouse Plans! Create the perfect outdoor adventure space for your children with these detailed playhouse plans. This large two-story structure combines  Download the full plans for $8.40 — includes cut list, 3D diagrams & material list. 📌 Save & share with your woodworking friends! #kidsfurniture #diykids #playhouse #treehouse #kidsroom #outdoorplay #kidsdiy #familyproject #diywoodworking #woodworkin",https://eleswooddesigns.com/products/diy-playhouse-plans-2-story-elevated-kids-clubhouse-backyard-fort-playground-pdf-download/,https://i.etsystatic.com/53333782/r/il/fd425e/7806154014/il_fullxfull.7806154014_m5fr.jpg,Kids Outdoor Play Ideas
DIY Wooden Floating Shelf Plans: Modern Geometric Shelf (PDF) | Step-by-Step PDF,Create Modern Wall Decor with DIY Floating Shelf Plans! Upgrade your home with stylish and functional storage using these detailed floating shelf building plans. This unique design combines modern aes ✅ Includes: floating_shelf | wall_shelf_plans | diy_wall_shelf. Instant PDF download — Easy friendly. #diyfurniture #woodworkingplans #diywoodworking #furnitureplans #handmadefurniture #woodwork #buildyourown #diyprojects #homemade #woodworking #furnitureideas #diyhome #woodworkingproject #craftsma,https://eleswooddesigns.com/products/diy-wooden-floating-shelf-plans-modern-geometric-shelf-pdf/,https://eleswooddesigns.com/api/pin/diy-wooden-floating-shelf-plans-modern-geometric-shelf-pdf/pin.jpg,DIY Woodworking Plans
Build Your Own DIY Wooden Floating Shelf Plans — Furniture PDF Plans | Instant Download,70% OFF TODAY ONLY! Create Modern Wall Decor with DIY Floating Shelf Plans! Upgrade your home with stylish and functional storage using these detailed floating shelf building plans. This unique design combines modern aes Get the complete step-by-step woodworking blueprint for only $4.41. Instant digital download. 💛 Save this pin to build later! #diyfurniture #woodworkingplans #diywoodworking #furnitureplans #handmadefurniture #woodwork #buildyourown #diyprojects #homemade #woodworking #furnitur,https://eleswooddesigns.com/products/diy-wooden-floating-shelf-plans-modern-geometric-shelf-pdf/,https://i.etsystatic.com/53333782/r/il/df8890/7807255234/il_fullxfull.7807255234_mmwf.jpg,DIY Furniture Plans
DIY Wooden Floating Shelf Plans Woodworking Plans — Only $4.41 | Beginner Friendly PDF,"This DIY project is one of our most-saved pins! Create Modern Wall Decor with DIY Floating Shelf Plans! Upgrade your home with stylish and functional storage using these detailed floating shelf building plans. This unique design combines modern aes Download the full plans for $4.41 — includes cut list, 3D diagrams & material list. 📌 Save & share with your woodworking friends! #diyfurniture #woodworkingplans #diywoodworking #furnitureplans #handmadefurniture #woodwork #buildyourown #diyprojects ",https://eleswooddesigns.com/products/diy-wooden-floating-shelf-plans-modern-geometric-shelf-pdf/,https://i.etsystatic.com/53333782/r/il/d846da/7855195305/il_fullxfull.7855195305_iir2.jpg,Woodworking Projects for Beginners
Garage Cabinet Plans with Drawers | Plywood Woodworking Blueprint (PDF Download) | Step-by-Step PDF,Build Your Own Custom Base Cabinet with Drawers! THE ULTIMATE GARAGE & WORKSHOP STORAGE SOLUTION Looking for the perfect storage solution? This comprehensive Diy Cabinet Plan provides everything you n ✅ Includes: garage_cabinet_plan | diy_cabinet_plan | base_cabinets_diy. Instant PDF download — Medium friendly. #diyfurniture #woodworkingplans #diywoodworking #furnitureplans #handmadefurniture #woodwork #buildyourown #diyprojects #homemade #woodworking #furnitureideas #diyhome #woodworkingproject,https://eleswooddesigns.com/products/garage-cabinet-plans-with-drawers-plywood-woodworking-blueprint-pdf-download/,https://eleswooddesigns.com/api/pin/garage-cabinet-plans-with-drawers-plywood-woodworking-blueprint-pdf-download/pin.jpg,DIY Woodworking Plans
Build Your Own Garage Cabinet Plans with Drawers — Furniture PDF Plans | Instant Download,70% OFF TODAY ONLY! Build Your Own Custom Base Cabinet with Drawers! THE ULTIMATE GARAGE & WORKSHOP STORAGE SOLUTION Looking for the perfect storage solution? This comprehensive Diy Cabinet Plan provides everything you n Get the complete step-by-step woodworking blueprint for only $3.75. Instant digital download. 💛 Save this pin to build later! #diyfurniture #woodworkingplans #diywoodworking #furnitureplans #handmadefurniture #woodwork #buildyourown #diyprojects #homemade #woodworking #furnitur,https://eleswooddesigns.com/products/garage-cabinet-plans-with-drawers-plywood-woodworking-blueprint-pdf-download/,https://i.etsystatic.com/53333782/r/il/7a2e00/8300957399/il_fullxfull.8300957399_cl6l.jpg,DIY Furniture Plans
Garage Cabinet Plans with Drawers Woodworking Plans — Only $3.75 | Beginner Friendly PDF,"This DIY project is one of our most-saved pins! Build Your Own Custom Base Cabinet with Drawers! THE ULTIMATE GARAGE & WORKSHOP STORAGE SOLUTION Looking for the perfect storage solution? This comprehensive Diy Cabinet Plan provides everything you n Download the full plans for $3.75 — includes cut list, 3D diagrams & material list. 📌 Save & share with your woodworking friends! #diyfurniture #woodworkingplans #diywoodworking #furnitureplans #handmadefurniture #woodwork #buildyourown #diyprojects ",https://eleswooddesigns.com/products/garage-cabinet-plans-with-drawers-plywood-woodworking-blueprint-pdf-download/,https://i.etsystatic.com/53333782/r/il/218475/8300957403/il_fullxfull.8300957403_nrs4.jpg,Woodworking Projects for Beginners
DIY Shoe Cabinet Plans | Enclosed Entryway Storage Blueprint (PDF Download) | Step-by-Step PDF,"Say Goodbye to Entryway Chaos — Build a Real Shoe Cabinet! If a basic open rack never keeps up with your family's shoe collection, this Shoe Cabinet With Door plan changes that. Enclosed storage keeps ✅ Includes: Shoe_Cabinet_Door | Wooden_Shoe_Rack | Shoe_Storage_Plan. Instant PDF download — Easy friendly. #diyfurniture #woodworkingplans #diywoodworking #furnitureplans #handmadefurniture #woodwork #buildyourown #diyprojects #homemade #woodworking #furnitureideas #diyhome #woodworkingproject #cr",https://eleswooddesigns.com/products/diy-shoe-cabinet-plans-enclosed-entryway-storage-blueprint-pdf-download/,https://eleswooddesigns.com/api/pin/diy-shoe-cabinet-plans-enclosed-entryway-storage-blueprint-pdf-download/pin.jpg,DIY Woodworking Plans
Build Your Own DIY Shoe Cabinet Plans — Furniture PDF Plans | Instant Download,"70% OFF TODAY ONLY! Say Goodbye to Entryway Chaos — Build a Real Shoe Cabinet! If a basic open rack never keeps up with your family's shoe collection, this Shoe Cabinet With Door plan changes that. Enclosed storage keeps Get the complete step-by-step woodworking blueprint for only $3.81. Instant digital download. 💛 Save this pin to build later! #diyfurniture #woodworkingplans #diywoodworking #furnitureplans #handmadefurniture #woodwork #buildyourown #diyprojects #homemade #woodworking #furnitur",https://eleswooddesigns.com/products/diy-shoe-cabinet-plans-enclosed-entryway-storage-blueprint-pdf-download/,https://i.etsystatic.com/53333782/r/il/bad987/8266214283/il_fullxfull.8266214283_dvzs.jpg,DIY Furniture Plans
DIY Shoe Cabinet Plans Woodworking Plans — Only $3.81 | Beginner Friendly PDF,"This DIY project is one of our most-saved pins! Say Goodbye to Entryway Chaos — Build a Real Shoe Cabinet! If a basic open rack never keeps up with your family's shoe collection, this Shoe Cabinet With Door plan changes that. Enclosed storage keeps Download the full plans for $3.81 — includes cut list, 3D diagrams & material list. 📌 Save & share with your woodworking friends! #diyfurniture #woodworkingplans #diywoodworking #furnitureplans #handmadefurniture #woodwork #buildyourown #diyprojects ",https://eleswooddesigns.com/products/diy-shoe-cabinet-plans-enclosed-entryway-storage-blueprint-pdf-download/,https://i.etsystatic.com/53333782/r/il/4414e2/8266214277/il_fullxfull.8266214277_nf51.jpg,Woodworking Projects for Beginners
"Built-In Cabinets Plans, Mudroom Hall Tree Blueprint, Wall Unit Storage (Digital Download) | Step-by","Transform Your Entryway with Premium DIY Built-In Cabinets Plans! UPGRADE YOUR HOME'S STORAGE Tired of entryway clutter? Upgrade your home with a stunning, high-end storage solution using our comprehe ✅ Includes: built_in_cabinets | mudroom_plans_diy | hall_tree_blueprint. Instant PDF download — Medium friendly. #diyfurniture #woodworkingplans #diywoodworking #furnitureplans #handmadefurniture #woodwork #buildyourown #diyprojects #homemade #woodworking #furnitureideas #diyhome #woodworkingprojec",https://eleswooddesigns.com/products/built-in-cabinets-plans-mudroom-hall-tree-blueprint-wall-unit-storage-digital-download/,https://eleswooddesigns.com/api/pin/built-in-cabinets-plans-mudroom-hall-tree-blueprint-wall-unit-storage-digital-download/pin.jpg,DIY Woodworking Plans
"Build Your Own Built-In Cabinets Plans, Mudroom Hall Tree Blueprint, Wall U — Furniture PDF Plans | ","70% OFF TODAY ONLY! Transform Your Entryway with Premium DIY Built-In Cabinets Plans! UPGRADE YOUR HOME'S STORAGE Tired of entryway clutter? Upgrade your home with a stunning, high-end storage solution using our comprehe Get the complete step-by-step woodworking blueprint for only $7.35. Instant digital download. 💛 Save this pin to build later! #diyfurniture #woodworkingplans #diywoodworking #furnitureplans #handmadefurniture #woodwork #buildyourown #diyprojects #homemade #woodworking #furnitur",https://eleswooddesigns.com/products/built-in-cabinets-plans-mudroom-hall-tree-blueprint-wall-unit-storage-digital-download/,https://i.etsystatic.com/53333782/r/il/fddb21/8283339011/il_fullxfull.8283339011_p82z.jpg,DIY Furniture Plans
"Built-In Cabinets Plans, Mudroom Hall Tree Blueprint, Wall U Woodworking Plans — Only $7.35 | Beginn","This DIY project is one of our most-saved pins! Transform Your Entryway with Premium DIY Built-In Cabinets Plans! UPGRADE YOUR HOME'S STORAGE Tired of entryway clutter? Upgrade your home with a stunning, high-end storage solution using our comprehe Download the full plans for $7.35 — includes cut list, 3D diagrams & material list. 📌 Save & share with your woodworking friends! #diyfurniture #woodworkingplans #diywoodworking #furnitureplans #handmadefurniture #woodwork #buildyourown #diyprojects ",https://eleswooddesigns.com/products/built-in-cabinets-plans-mudroom-hall-tree-blueprint-wall-unit-storage-digital-download/,https://i.etsystatic.com/53333782/r/il/8e3466/8235431236/il_fullxfull.8235431236_4w1g.jpg,Woodworking Projects for Beginners
Vintage Christmas Art | 100+ Winter Frame TV Designs (Digital Download) | Step-by-Step PDF,Bring timeless holiday charm to your home with this Vintage Christmas Frame TV Art Bundle — a cozy winter TV gallery curated for Samsung Frame TV and holiday home decor lovers. Transform your televisi ✅ Includes: Vintage_Christmas_TV | Christmas_Frame_TV | Frame_TV_Art_Bundle. Instant PDF download — Easy friendly. #printable #instantdownload #digitaldowload #diycraft #homedecor #printabledecor #diyprintable #freeprintable #partyprintable #digitalcraft #craftideas #papercraft #printabledesign #ho,https://eleswooddesigns.com/products/vintage-christmas-art-100-winter-frame-tv-designs-digital-download/,https://eleswooddesigns.com/api/pin/vintage-christmas-art-100-winter-frame-tv-designs-digital-download/pin.jpg,Printable Games & Digital Crafts
Build Your Own Vintage Christmas Art — Digital PDF Plans | Instant Download,70% OFF TODAY ONLY! Bring timeless holiday charm to your home with this Vintage Christmas Frame TV Art Bundle — a cozy winter TV gallery curated for Samsung Frame TV and holiday home decor lovers. Transform your televisi Get the complete step-by-step woodworking blueprint for only $4.20. Instant digital download. 💛 Save this pin to build later! #printable #instantdownload #digitaldowload #diycraft #homedecor #printabledecor #diyprintable #freeprintable #partyprintable #digitalcraft #craftideas ,https://eleswooddesigns.com/products/vintage-christmas-art-100-winter-frame-tv-designs-digital-download/,https://i.etsystatic.com/53333782/r/il/36d00e/7370609224/il_fullxfull.7370609224_32ea.jpg,DIY Woodworking Plans
Vintage Christmas Art Woodworking Plans — Only $4.20 | Beginner Friendly PDF,"This DIY project is one of our most-saved pins! Bring timeless holiday charm to your home with this Vintage Christmas Frame TV Art Bundle — a cozy winter TV gallery curated for Samsung Frame TV and holiday home decor lovers. Transform your televisi Download the full plans for $4.20 — includes cut list, 3D diagrams & material list. 📌 Save & share with your woodworking friends! #printable #instantdownload #digitaldowload #diycraft #homedecor #printabledecor #diyprintable #freeprintable #partyprin",https://eleswooddesigns.com/products/vintage-christmas-art-100-winter-frame-tv-designs-digital-download/,https://i.etsystatic.com/53333782/r/il/9981cf/7370607978/il_fullxfull.7370607978_jac5.jpg,Instant Download Printables
DIY Garden Pergola Plans | Complete Wood Pergola Build Blueprint & Arbor PDF Download | Step-by-Step,Build a Stunning Outdoor Space with DIY Pergola Plans (Instant Download) Upgrade your backyard with these professionally designed pergola plans and create a stylish outdoor living area with ease. Whet ✅ Includes: pergola | pergola_plans | gazebo. Instant PDF download — Easy friendly. #diygarden #gardenproject #raisedbed #gardenbed #gardendesign #diygardenbed #backyardgarden #vegetablegarden #woodworkingplans #diywoodworking #gardenideas #outdoorgarden #gardenbed #planter #diyplanter #gardenbed #,https://eleswooddesigns.com/products/diy-garden-pergola-plans-complete-wood-pergola-build-blueprint-arbor-pdf-download/,https://eleswooddesigns.com/api/pin/diy-garden-pergola-plans-complete-wood-pergola-build-blueprint-arbor-pdf-download/pin.jpg,DIY Garden Woodworking Plans
Build Your Own DIY Garden Pergola Plans — Garden PDF Plans | Instant Download,70% OFF TODAY ONLY! Build a Stunning Outdoor Space with DIY Pergola Plans (Instant Download) Upgrade your backyard with these professionally designed pergola plans and create a stylish outdoor living area with ease. Whet Get the complete step-by-step woodworking blueprint for only $8.66. Instant digital download. 💛 Save this pin to build later! #diygarden #gardenproject #raisedbed #gardenbed #gardendesign #diygardenbed #backyardgarden #vegetablegarden #woodworkingplans #diywoodworking #gardenid,https://eleswooddesigns.com/products/diy-garden-pergola-plans-complete-wood-pergola-build-blueprint-arbor-pdf-download/,https://i.etsystatic.com/53333782/r/il/a184c2/7906655060/il_fullxfull.7906655060_d2n2.jpg,DIY Woodworking Plans
DIY Garden Pergola Plans Woodworking Plans — Only $8.66 | Beginner Friendly PDF,"This DIY project is one of our most-saved pins! Build a Stunning Outdoor Space with DIY Pergola Plans (Instant Download) Upgrade your backyard with these professionally designed pergola plans and create a stylish outdoor living area with ease. Whet Download the full plans for $8.66 — includes cut list, 3D diagrams & material list. 📌 Save & share with your woodworking friends! #diygarden #gardenproject #raisedbed #gardenbed #gardendesign #diygardenbed #backyardgarden #vegetablegarden #woodworkin",https://eleswooddesigns.com/products/diy-garden-pergola-plans-complete-wood-pergola-build-blueprint-arbor-pdf-download/,https://i.etsystatic.com/53333782/r/il/9ba229/7954611697/il_fullxfull.7954611697_jtq7.jpg,Garden Ideas & Projects
Vintage Christmas Prints Bundle | 100+ Holiday Wall Art (Digital Download) | Step-by-Step PDF,"Transform your home into a cozy, magical winter wonderland with this 100+ Vintage Christmas Wall Art Bundle — the ultimate nostalgic holiday decor collection. Perfect for gallery walls, gift giving, c ✅ Includes: vintage_christmas | christmas_printable | classical_christmas. Instant PDF download — Easy friendly. #printable #instantdownload #digitaldowload #diycraft #homedecor #printabledecor #diyprintable #freeprintable #partyprintable #digitalcraft #craftideas #papercraft #printabledesign #home",https://eleswooddesigns.com/products/vintage-christmas-prints-bundle-100-holiday-wall-art-digital-download/,https://eleswooddesigns.com/api/pin/vintage-christmas-prints-bundle-100-holiday-wall-art-digital-download/pin.jpg,Printable Games & Digital Crafts
Build Your Own Vintage Christmas Prints Bundle — Digital PDF Plans | Instant Download,"70% OFF TODAY ONLY! Transform your home into a cozy, magical winter wonderland with this 100+ Vintage Christmas Wall Art Bundle — the ultimate nostalgic holiday decor collection. Perfect for gallery walls, gift giving, c Get the complete step-by-step woodworking blueprint for only $3.90. Instant digital download. 💛 Save this pin to build later! #printable #instantdownload #digitaldowload #diycraft #homedecor #printabledecor #diyprintable #freeprintable #partyprintable #digitalcraft #craftideas ",https://eleswooddesigns.com/products/vintage-christmas-prints-bundle-100-holiday-wall-art-digital-download/,https://i.etsystatic.com/53333782/r/il/d92bc7/7416733663/il_fullxfull.7416733663_15n4.jpg,DIY Woodworking Plans
Vintage Christmas Prints Bundle Woodworking Plans — Only $3.90 | Beginner Friendly PDF,"This DIY project is one of our most-saved pins! Transform your home into a cozy, magical winter wonderland with this 100+ Vintage Christmas Wall Art Bundle — the ultimate nostalgic holiday decor collection. Perfect for gallery walls, gift giving, c Download the full plans for $3.90 — includes cut list, 3D diagrams & material list. 📌 Save & share with your woodworking friends! #printable #instantdownload #digitaldowload #diycraft #homedecor #printabledecor #diyprintable #freeprintable #partyprin",https://eleswooddesigns.com/products/vintage-christmas-prints-bundle-100-holiday-wall-art-digital-download/,https://i.etsystatic.com/53333782/r/il/747187/7416734747/il_fullxfull.7416734747_boj2.jpg,Instant Download Printables
3-Tier Wooden Plant Stand Plan | DIY Ladder Shelf Blueprint (PDF Download) | Step-by-Step PDF,"Build a beautiful outdoor wood plant stand with this 4-tier tiered planter stand DIY plan. Perfect for front porch decor, patio styling, or garden display, this wooden ladder plant stand adds a charmi ✅ Includes: outdoor_plant_stand | plant_stand_plan | wood_plant_stand. Instant PDF download — Easy friendly. #diygarden #gardenproject #raisedbed #gardenbed #gardendesign #diygardenbed #backyardgarden #vegetablegarden #woodworkingplans #diywoodworking #gardenideas #outdoorgarden #gardenbed #planter",https://eleswooddesigns.com/products/3-tier-wooden-plant-stand-plan-diy-ladder-shelf-blueprint-pdf-download/,https://eleswooddesigns.com/api/pin/3-tier-wooden-plant-stand-plan-diy-ladder-shelf-blueprint-pdf-download/pin.jpg,DIY Garden Woodworking Plans
Build Your Own 3-Tier Wooden Plant Stand Plan — Garden PDF Plans | Instant Download,"70% OFF TODAY ONLY! Build a beautiful outdoor wood plant stand with this 4-tier tiered planter stand DIY plan. Perfect for front porch decor, patio styling, or garden display, this wooden ladder plant stand adds a charmi Get the complete step-by-step woodworking blueprint for only $3.00. Instant digital download. 💛 Save this pin to build later! #diygarden #gardenproject #raisedbed #gardenbed #gardendesign #diygardenbed #backyardgarden #vegetablegarden #woodworkingplans #diywoodworking #gardenid",https://eleswooddesigns.com/products/3-tier-wooden-plant-stand-plan-diy-ladder-shelf-blueprint-pdf-download/,https://i.etsystatic.com/53333782/r/il/442f8f/7949315202/il_fullxfull.7949315202_bq8x.jpg,DIY Woodworking Plans
3-Tier Wooden Plant Stand Plan Woodworking Plans — Only $3.00 | Beginner Friendly PDF,"This DIY project is one of our most-saved pins! Build a beautiful outdoor wood plant stand with this 4-tier tiered planter stand DIY plan. Perfect for front porch decor, patio styling, or garden display, this wooden ladder plant stand adds a charmi Download the full plans for $3.00 — includes cut list, 3D diagrams & material list. 📌 Save & share with your woodworking friends! #diygarden #gardenproject #raisedbed #gardenbed #gardendesign #diygardenbed #backyardgarden #vegetablegarden #woodworkin",https://eleswooddesigns.com/products/3-tier-wooden-plant-stand-plan-diy-ladder-shelf-blueprint-pdf-download/,https://i.etsystatic.com/53333782/r/il/9b6f8f/7949315206/il_fullxfull.7949315206_j6ov.jpg,Garden Ideas & Projects
"DIY Wall Shelf Plans, Wood Shoe Rack Blueprint, Entryway Console (Digital Download) | Step-by-Step P","Build a stunning DIY Wall Shelf with these step-by-step PDF Woodworking Plans — the perfect Standing Shelf Plans for your entryway, bathroom, or living room. CREATE YOUR OWN ORGANIZED HOME Imagine a b ✅ Includes: Wall_Shelf_Plans | Wood_Shoe_Rack | Shelf_Pattern. Instant PDF download — Medium friendly. #diyfurniture #woodworkingplans #diywoodworking #furnitureplans #handmadefurniture #woodwork #buildyourown #diyprojects #homemade #woodworking #furnitureideas #diyhome #woodworkingproject #craftsm",https://eleswooddesigns.com/products/diy-wall-shelf-plans-wood-shoe-rack-blueprint-entryway-console-digital-download/,https://eleswooddesigns.com/api/pin/diy-wall-shelf-plans-wood-shoe-rack-blueprint-entryway-console-digital-download/pin.jpg,DIY Woodworking Plans
"Build Your Own DIY Wall Shelf Plans, Wood Shoe Rack Blueprint, Entryway Con — Furniture PDF Plans | ","70% OFF TODAY ONLY! Build a stunning DIY Wall Shelf with these step-by-step PDF Woodworking Plans — the perfect Standing Shelf Plans for your entryway, bathroom, or living room. CREATE YOUR OWN ORGANIZED HOME Imagine a b Get the complete step-by-step woodworking blueprint for only $3.75. Instant digital download. 💛 Save this pin to build later! #diyfurniture #woodworkingplans #diywoodworking #furnitureplans #handmadefurniture #woodwork #buildyourown #diyprojects #homemade #woodworking #furnitur",https://eleswooddesigns.com/products/diy-wall-shelf-plans-wood-shoe-rack-blueprint-entryway-console-digital-download/,https://i.etsystatic.com/53333782/r/il/b95939/8270145795/il_fullxfull.8270145795_apmh.jpg,DIY Furniture Plans
"DIY Wall Shelf Plans, Wood Shoe Rack Blueprint, Entryway Con Woodworking Plans — Only $3.75 | Beginn","This DIY project is one of our most-saved pins! Build a stunning DIY Wall Shelf with these step-by-step PDF Woodworking Plans — the perfect Standing Shelf Plans for your entryway, bathroom, or living room. CREATE YOUR OWN ORGANIZED HOME Imagine a b Download the full plans for $3.75 — includes cut list, 3D diagrams & material list. 📌 Save & share with your woodworking friends! #diyfurniture #woodworkingplans #diywoodworking #furnitureplans #handmadefurniture #woodwork #buildyourown #diyprojects ",https://eleswooddesigns.com/products/diy-wall-shelf-plans-wood-shoe-rack-blueprint-entryway-console-digital-download/,https://i.etsystatic.com/53333782/r/il/f0396d/8222223248/il_fullxfull.8222223248_ew2i.jpg,Woodworking Projects for Beginners
DIY Raised Chicken Coop Plans: Backyard Hen House for 6-8 Chickens (PDF Download) | Step-by-Step PDF,"Build your own DIY chicken coop with these detailed chicken coop plans PDF, designed for a durable and stylish backyard chicken coop. This raised hen house plan creates a secure, well-ventilated space ✅ Includes: chicken_coop_plans | diy_chicken_coop | walk_in_chicken_coop. Instant PDF download — Easy friendly. #outdoorfurniture #backyardideas #diyoutdoor #pergolaplans #deckideas #patio #outdoorliving #backyard #diywoodworking #woodworkingplans #outdoordiy #gardendesign #deckdecor #patiodesign #",https://eleswooddesigns.com/products/diy-raised-chicken-coop-plans-backyard-hen-house-for-6-8-chickens-pdf-download/,https://eleswooddesigns.com/api/pin/diy-raised-chicken-coop-plans-backyard-hen-house-for-6-8-chickens-pdf-download/pin.jpg,DIY Outdoor Woodworking Plans
Build Your Own DIY Raised Chicken Coop Plans — Outdoor PDF Plans | Instant Download,"70% OFF TODAY ONLY! Build your own DIY chicken coop with these detailed chicken coop plans PDF, designed for a durable and stylish backyard chicken coop. This raised hen house plan creates a secure, well-ventilated space Get the complete step-by-step woodworking blueprint for only $7.80. Instant digital download. 💛 Save this pin to build later! #outdoorfurniture #backyardideas #diyoutdoor #pergolaplans #deckideas #patio #outdoorliving #backyard #diywoodworking #woodworkingplans #outdoordiy #gar",https://eleswooddesigns.com/products/diy-raised-chicken-coop-plans-backyard-hen-house-for-6-8-chickens-pdf-download/,https://i.etsystatic.com/53333782/r/il/90fb28/7804280656/il_fullxfull.7804280656_2tj6.jpg,DIY Woodworking Plans
DIY Raised Chicken Coop Plans Woodworking Plans — Only $7.80 | Beginner Friendly PDF,"This DIY project is one of our most-saved pins! Build your own DIY chicken coop with these detailed chicken coop plans PDF, designed for a durable and stylish backyard chicken coop. This raised hen house plan creates a secure, well-ventilated space Download the full plans for $7.80 — includes cut list, 3D diagrams & material list. 📌 Save & share with your woodworking friends! #outdoorfurniture #backyardideas #diyoutdoor #pergolaplans #deckideas #patio #outdoorliving #backyard #diywoodworking #w",https://eleswooddesigns.com/products/diy-raised-chicken-coop-plans-backyard-hen-house-for-6-8-chickens-pdf-download/,https://i.etsystatic.com/53333782/r/il/1413fd/7922509472/il_fullxfull.7922509472_b8l0.jpg,Backyard DIY Projects
Wholesale Club New Year Party Printables | Editable Food Court Decor (Digital Download) | Step-by-St,"Get Ready to Wholesale Joy! Costco-Themed New Year Printables Looking for a fun, creative, and instantly recognizable theme for your next New Year celebration? Our Costco Wholesale Club New Year Print ✅ Includes: Costco_New_Year | New_Year_Printable | Kirkland_Decor. Instant PDF download — Easy friendly. #printable #instantdownload #digitaldowload #diycraft #homedecor #printabledecor #diyprintable #freeprintable #partyprintable #digitalcraft #craftideas #papercraft #printabledesign #homedecorati",https://eleswooddesigns.com/products/wholesale-club-new-year-party-printables-editable-food-court-decor-digital-download/,https://eleswooddesigns.com/api/pin/wholesale-club-new-year-party-printables-editable-food-court-decor-digital-download/pin.jpg,Printable Games & Digital Crafts
Build Your Own Wholesale Club New Year Party Printables — Digital PDF Plans | Instant Download,"70% OFF TODAY ONLY! Get Ready to Wholesale Joy! Costco-Themed New Year Printables Looking for a fun, creative, and instantly recognizable theme for your next New Year celebration? Our Costco Wholesale Club New Year Print Get the complete step-by-step woodworking blueprint for only $5.55. Instant digital download. 💛 Save this pin to build later! #printable #instantdownload #digitaldowload #diycraft #homedecor #printabledecor #diyprintable #freeprintable #partyprintable #digitalcraft #craftideas ",https://eleswooddesigns.com/products/wholesale-club-new-year-party-printables-editable-food-court-decor-digital-download/,https://i.etsystatic.com/53333782/r/il/ed4e62/7401835113/il_fullxfull.7401835113_tcja.jpg,DIY Woodworking Plans
Wholesale Club New Year Party Printables Woodworking Plans — Only $5.55 | Beginner Friendly PDF,"This DIY project is one of our most-saved pins! Get Ready to Wholesale Joy! Costco-Themed New Year Printables Looking for a fun, creative, and instantly recognizable theme for your next New Year celebration? Our Costco Wholesale Club New Year Print Download the full plans for $5.55 — includes cut list, 3D diagrams & material list. 📌 Save & share with your woodworking friends! #printable #instantdownload #digitaldowload #diycraft #homedecor #printabledecor #diyprintable #freeprintable #partyprin",https://eleswooddesigns.com/products/wholesale-club-new-year-party-printables-editable-food-court-decor-digital-download/,https://i.etsystatic.com/53333782/r/il/39b13f/7353906818/il_fullxfull.7353906818_oq7n.jpg,Instant Download Printables
DIY S-Shaped Floating Shelf Plans: Modern Woodworking Book Shelf (PDF Download) | Step-by-Step PDF,Upgrade your interior with these stylish wall shelf plans designed for a unique modern display. This creative DIY floating shelf project features a beautiful S-shaped design that works perfectly as bo ✅ Includes: wall_shelf_plans | diy_floating_shelf | book_shelf_plan. Instant PDF download — Easy friendly. #diyfurniture #woodworkingplans #diywoodworking #furnitureplans #handmadefurniture #woodwork #buildyourown #diyprojects #homemade #woodworking #furnitureideas #diyhome #woodworkingproject #cra,https://eleswooddesigns.com/products/diy-s-shaped-floating-shelf-plans-modern-woodworking-book-shelf-pdf-download/,https://eleswooddesigns.com/api/pin/diy-s-shaped-floating-shelf-plans-modern-woodworking-book-shelf-pdf-download/pin.jpg,DIY Woodworking Plans
Build Your Own DIY S-Shaped Floating Shelf Plans — Furniture PDF Plans | Instant Download,70% OFF TODAY ONLY! Upgrade your interior with these stylish wall shelf plans designed for a unique modern display. This creative DIY floating shelf project features a beautiful S-shaped design that works perfectly as bo Get the complete step-by-step woodworking blueprint for only $4.11. Instant digital download. 💛 Save this pin to build later! #diyfurniture #woodworkingplans #diywoodworking #furnitureplans #handmadefurniture #woodwork #buildyourown #diyprojects #homemade #woodworking #furnitur,https://eleswooddesigns.com/products/diy-s-shaped-floating-shelf-plans-modern-woodworking-book-shelf-pdf-download/,https://i.etsystatic.com/53333782/r/il/b5d3eb/7852494011/il_fullxfull.7852494011_fbr2.jpg,DIY Furniture Plans
DIY S-Shaped Floating Shelf Plans Woodworking Plans — Only $4.11 | Beginner Friendly PDF,"This DIY project is one of our most-saved pins! Upgrade your interior with these stylish wall shelf plans designed for a unique modern display. This creative DIY floating shelf project features a beautiful S-shaped design that works perfectly as bo Download the full plans for $4.11 — includes cut list, 3D diagrams & material list. 📌 Save & share with your woodworking friends! #diyfurniture #woodworkingplans #diywoodworking #furnitureplans #handmadefurniture #woodwork #buildyourown #diyprojects ",https://eleswooddesigns.com/products/diy-s-shaped-floating-shelf-plans-modern-woodworking-book-shelf-pdf-download/,https://i.etsystatic.com/53333782/r/il/f2796b/7804551422/il_fullxfull.7804551422_qq81.jpg,Woodworking Projects for Beginners
Wholesale Club Halloween Trunk or Treat Decor | Editable Canva Templates (Digital Download | Step-by,"Bring bulk-sized fun to your Halloween with our Costco Trunk or Treat Decorations! This editable digital download is inspired by the iconic Costco Wholesale Club — perfect for families, schools, or co ✅ Includes: Costco_Invite | Costco_Printable | Costco_Digital. Instant PDF download — Medium friendly. #printable #instantdownload #digitaldowload #diycraft #homedecor #printabledecor #diyprintable #freeprintable #partyprintable #digitalcraft #craftideas #papercraft #printabledesign #homedecoration",https://eleswooddesigns.com/products/wholesale-club-halloween-trunk-or-treat-decor-editable-canva-templates-digital-download/,https://eleswooddesigns.com/api/pin/wholesale-club-halloween-trunk-or-treat-decor-editable-canva-templates-digital-download/pin.jpg,Printable Games & Digital Crafts
Build Your Own Wholesale Club Halloween Trunk or Treat Decor — Digital PDF Plans | Instant Download,"70% OFF TODAY ONLY! Bring bulk-sized fun to your Halloween with our Costco Trunk or Treat Decorations! This editable digital download is inspired by the iconic Costco Wholesale Club — perfect for families, schools, or co Get the complete step-by-step woodworking blueprint for only $5.55. Instant digital download. 💛 Save this pin to build later! #printable #instantdownload #digitaldowload #diycraft #homedecor #printabledecor #diyprintable #freeprintable #partyprintable #digitalcraft #craftideas ",https://eleswooddesigns.com/products/wholesale-club-halloween-trunk-or-treat-decor-editable-canva-templates-digital-download/,https://i.etsystatic.com/53333782/r/il/01cae0/7369418709/il_fullxfull.7369418709_h8bk.jpg,DIY Woodworking Plans
Wholesale Club Halloween Trunk or Treat Decor Woodworking Plans — Only $5.55 | Beginner Friendly PDF,"This DIY project is one of our most-saved pins! Bring bulk-sized fun to your Halloween with our Costco Trunk or Treat Decorations! This editable digital download is inspired by the iconic Costco Wholesale Club — perfect for families, schools, or co Download the full plans for $5.55 — includes cut list, 3D diagrams & material list. 📌 Save & share with your woodworking friends! #printable #instantdownload #digitaldowload #diycraft #homedecor #printabledecor #diyprintable #freeprintable #partyprin",https://eleswooddesigns.com/products/wholesale-club-halloween-trunk-or-treat-decor-editable-canva-templates-digital-download/,https://i.etsystatic.com/53333782/r/il/ccbc48/7368936163/il_fullxfull.7368936163_ka1a.jpg,Instant Download Printables
Planter Bench Woodworking Plans | Slatted Outdoor Seating Blueprint (PDF Download) | Step-by-Step PD,"Give your patio, garden, or front porch a feature piece that does two jobs at once. These DIY Planter Bench Plans PDF give you a complete woodworking blueprint for a modern slatted Bench with Built-In ✅ Includes: planter_bench_plans | diy_planter_bench | bench_with_planters. Instant PDF download — Easy friendly. #diygarden #gardenproject #raisedbed #gardenbed #gardendesign #diygardenbed #backyardgarden #vegetablegarden #woodworkingplans #diywoodworking #gardenideas #outdoorgarden #gardenbed #pla",https://eleswooddesigns.com/products/planter-bench-woodworking-plans-slatted-outdoor-seating-blueprint-pdf-download/,https://eleswooddesigns.com/api/pin/planter-bench-woodworking-plans-slatted-outdoor-seating-blueprint-pdf-download/pin.jpg,DIY Garden Woodworking Plans
Build Your Own Planter Bench Woodworking Plans — Garden PDF Plans | Instant Download,"70% OFF TODAY ONLY! Give your patio, garden, or front porch a feature piece that does two jobs at once. These DIY Planter Bench Plans PDF give you a complete woodworking blueprint for a modern slatted Bench with Built-In Get the complete step-by-step woodworking blueprint for only $3.21. Instant digital download. 💛 Save this pin to build later! #diygarden #gardenproject #raisedbed #gardenbed #gardendesign #diygardenbed #backyardgarden #vegetablegarden #woodworkingplans #diywoodworking #gardenid",https://eleswooddesigns.com/products/planter-bench-woodworking-plans-slatted-outdoor-seating-blueprint-pdf-download/,https://i.etsystatic.com/53333782/r/il/894b6b/8001819881/il_fullxfull.8001819881_6636.jpg,DIY Woodworking Plans
Planter Bench Woodworking Plans Woodworking Plans — Only $3.21 | Beginner Friendly PDF,"This DIY project is one of our most-saved pins! Give your patio, garden, or front porch a feature piece that does two jobs at once. These DIY Planter Bench Plans PDF give you a complete woodworking blueprint for a modern slatted Bench with Built-In Download the full plans for $3.21 — includes cut list, 3D diagrams & material list. 📌 Save & share with your woodworking friends! #diygarden #gardenproject #raisedbed #gardenbed #gardendesign #diygardenbed #backyardgarden #vegetablegarden #woodworkin",https://eleswooddesigns.com/products/planter-bench-woodworking-plans-slatted-outdoor-seating-blueprint-pdf-download/,https://i.etsystatic.com/53333782/r/il/e62363/8001820801/il_fullxfull.8001820801_g5gc.jpg,Garden Ideas & Projects
"DIY Chaise Lounge Plans: Outdoor Pool Lounger, Adjustable Patio Sunbed (PDF Download) | Step-by-Step",Relax in Comfort with DIY Outdoor Chaise Lounge Plans! Upgrade your outdoor living area with this stylish and functional outdoor chaise project. These detailed wood lounger plans allow you to build a  ✅ Includes: outdoor_chaise | pool_lounger_diy | wood_lounger_plans. Instant PDF download — Easy friendly. #diyfurniture #woodworkingplans #diywoodworking #furnitureplans #handmadefurniture #woodwork #buildyourown #diyprojects #homemade #woodworking #furnitureideas #diyhome #woodworkingproject #craf,https://eleswooddesigns.com/products/diy-chaise-lounge-plans-outdoor-pool-lounger-adjustable-patio-sunbed-pdf-download/,https://eleswooddesigns.com/api/pin/diy-chaise-lounge-plans-outdoor-pool-lounger-adjustable-patio-sunbed-pdf-download/pin.jpg,DIY Woodworking Plans
Build Your Own DIY Chaise Lounge Plans — Furniture PDF Plans | Instant Download,70% OFF TODAY ONLY! Relax in Comfort with DIY Outdoor Chaise Lounge Plans! Upgrade your outdoor living area with this stylish and functional outdoor chaise project. These detailed wood lounger plans allow you to build a  Get the complete step-by-step woodworking blueprint for only $3.30. Instant digital download. 💛 Save this pin to build later! #diyfurniture #woodworkingplans #diywoodworking #furnitureplans #handmadefurniture #woodwork #buildyourown #diyprojects #homemade #woodworking #furnitur,https://eleswooddesigns.com/products/diy-chaise-lounge-plans-outdoor-pool-lounger-adjustable-patio-sunbed-pdf-download/,https://i.etsystatic.com/53333782/r/il/8aef9a/7854883759/il_fullxfull.7854883759_v8hj.jpg,DIY Furniture Plans
DIY Chaise Lounge Plans Woodworking Plans — Only $3.30 | Beginner Friendly PDF,"This DIY project is one of our most-saved pins! Relax in Comfort with DIY Outdoor Chaise Lounge Plans! Upgrade your outdoor living area with this stylish and functional outdoor chaise project. These detailed wood lounger plans allow you to build a  Download the full plans for $3.30 — includes cut list, 3D diagrams & material list. 📌 Save & share with your woodworking friends! #diyfurniture #woodworkingplans #diywoodworking #furnitureplans #handmadefurniture #woodwork #buildyourown #diyprojects ",https://eleswooddesigns.com/products/diy-chaise-lounge-plans-outdoor-pool-lounger-adjustable-patio-sunbed-pdf-download/,https://i.etsystatic.com/53333782/r/il/cd0acf/7854883761/il_fullxfull.7854883761_6ka0.jpg,Woodworking Projects for Beginners
Heavy Duty Workbench Plans with Tool Storage (PDF) | Step-by-Step PDF,"Upgrade your workshop with these professional workbench plans designed for durability, organization, and efficiency. This DIY workbench project provides a strong and compact workshop table that is per ✅ Includes: workbench_plans | diy_workbench | workshop_table. Instant PDF download — Easy friendly. #diyfurniture #woodworkingplans #diywoodworking #furnitureplans #handmadefurniture #woodwork #buildyourown #diyprojects #homemade #woodworking #furnitureideas #diyhome #woodworkingproject #craftsman ",https://eleswooddesigns.com/products/heavy-duty-workbench-plans-with-tool-storage-pdf/,https://eleswooddesigns.com/api/pin/heavy-duty-workbench-plans-with-tool-storage-pdf/pin.jpg,DIY Woodworking Plans
Build Your Own Heavy Duty Workbench Plans with Tool Storage (PDF) — Furniture PDF Plans | Instant Do,"70% OFF TODAY ONLY! Upgrade your workshop with these professional workbench plans designed for durability, organization, and efficiency. This DIY workbench project provides a strong and compact workshop table that is per Get the complete step-by-step woodworking blueprint for only $5.70. Instant digital download. 💛 Save this pin to build later! #diyfurniture #woodworkingplans #diywoodworking #furnitureplans #handmadefurniture #woodwork #buildyourown #diyprojects #homemade #woodworking #furnitur",https://eleswooddesigns.com/products/heavy-duty-workbench-plans-with-tool-storage-pdf/,https://i.etsystatic.com/53333782/r/il/5c606b/7843176643/il_fullxfull.7843176643_e3bm.jpg,DIY Furniture Plans
Heavy Duty Workbench Plans with Tool Storage (PDF) Woodworking Plans — Only $5.70 | Beginner Friendl,"This DIY project is one of our most-saved pins! Upgrade your workshop with these professional workbench plans designed for durability, organization, and efficiency. This DIY workbench project provides a strong and compact workshop table that is per Download the full plans for $5.70 — includes cut list, 3D diagrams & material list. 📌 Save & share with your woodworking friends! #diyfurniture #woodworkingplans #diywoodworking #furnitureplans #handmadefurniture #woodwork #buildyourown #diyprojects ",https://eleswooddesigns.com/products/heavy-duty-workbench-plans-with-tool-storage-pdf/,https://i.etsystatic.com/53333782/r/il/a51430/7795244632/il_fullxfull.7795244632_p778.jpg,Woodworking Projects for Beginners
Editable Wholesale Club Party Signs | Canva Price Tags (PDF) | Step-by-Step PDF,Bring the fun of Costco to your next party or event! This Costco Item Signs Pack includes 12 pre-filled printable signs plus a customizable Canva template link so you can easily edit and create your o ✅ Includes: Costco_Food_Court | costco | Costco_party. Instant PDF download — Easy friendly. #printable #instantdownload #digitaldowload #diycraft #homedecor #printabledecor #diyprintable #freeprintable #partyprintable #digitalcraft #craftideas #papercraft #printabledesign #homedecoration #walldeco,https://eleswooddesigns.com/products/editable-wholesale-club-party-signs-canva-price-tags-pdf/,https://eleswooddesigns.com/api/pin/editable-wholesale-club-party-signs-canva-price-tags-pdf/pin.jpg,Printable Games & Digital Crafts
Build Your Own Editable Wholesale Club Party Signs — Digital PDF Plans | Instant Download,70% OFF TODAY ONLY! Bring the fun of Costco to your next party or event! This Costco Item Signs Pack includes 12 pre-filled printable signs plus a customizable Canva template link so you can easily edit and create your o Get the complete step-by-step woodworking blueprint for only $1.95. Instant digital download. 💛 Save this pin to build later! #printable #instantdownload #digitaldowload #diycraft #homedecor #printabledecor #diyprintable #freeprintable #partyprintable #digitalcraft #craftideas ,https://eleswooddesigns.com/products/editable-wholesale-club-party-signs-canva-price-tags-pdf/,https://i.etsystatic.com/53333782/r/il/9c5d17/7369863285/il_fullxfull.7369863285_84z2.jpg,DIY Woodworking Plans
Editable Wholesale Club Party Signs Woodworking Plans — Only $1.95 | Beginner Friendly PDF,"This DIY project is one of our most-saved pins! Bring the fun of Costco to your next party or event! This Costco Item Signs Pack includes 12 pre-filled printable signs plus a customizable Canva template link so you can easily edit and create your o Download the full plans for $1.95 — includes cut list, 3D diagrams & material list. 📌 Save & share with your woodworking friends! #printable #instantdownload #digitaldowload #diycraft #homedecor #printabledecor #diyprintable #freeprintable #partyprin",https://eleswooddesigns.com/products/editable-wholesale-club-party-signs-canva-price-tags-pdf/,https://i.etsystatic.com/53333782/r/il/831d52/7322945756/il_fullxfull.7322945756_nmdl.jpg,Instant Download Printables
"Wall Mounted Wine Rack Plans | Rustic Wood Shelf, Glass Holder (PDF Download) | Step-by-Step PDF","Build a stunning wall mounted wine rack and upgrade your home bar with this premium DIY woodworking plan. These wooden wine rack plans are designed for anyone who wants a stylish, space-saving wine st ✅ Includes: wall_wine_rack | wine_rack_plans | diy_wine_rack. Instant PDF download — Easy friendly. #diyfurniture #woodworkingplans #diywoodworking #furnitureplans #handmadefurniture #woodwork #buildyourown #diyprojects #homemade #woodworking #furnitureideas #diyhome #woodworkingproject #craftsman ",https://eleswooddesigns.com/products/wall-mounted-wine-rack-plans-rustic-wood-shelf-glass-holder-pdf-download/,https://eleswooddesigns.com/api/pin/wall-mounted-wine-rack-plans-rustic-wood-shelf-glass-holder-pdf-download/pin.jpg,DIY Woodworking Plans
Build Your Own Wall Mounted Wine Rack Plans — Furniture PDF Plans | Instant Download,"70% OFF TODAY ONLY! Build a stunning wall mounted wine rack and upgrade your home bar with this premium DIY woodworking plan. These wooden wine rack plans are designed for anyone who wants a stylish, space-saving wine st Get the complete step-by-step woodworking blueprint for only $3.81. Instant digital download. 💛 Save this pin to build later! #diyfurniture #woodworkingplans #diywoodworking #furnitureplans #handmadefurniture #woodwork #buildyourown #diyprojects #homemade #woodworking #furnitur",https://eleswooddesigns.com/products/wall-mounted-wine-rack-plans-rustic-wood-shelf-glass-holder-pdf-download/,https://i.etsystatic.com/53333782/r/il/6e4b41/8002185839/il_fullxfull.8002185839_gg4o.jpg,DIY Furniture Plans
Wall Mounted Wine Rack Plans Woodworking Plans — Only $3.81 | Beginner Friendly PDF,"This DIY project is one of our most-saved pins! Build a stunning wall mounted wine rack and upgrade your home bar with this premium DIY woodworking plan. These wooden wine rack plans are designed for anyone who wants a stylish, space-saving wine st Download the full plans for $3.81 — includes cut list, 3D diagrams & material list. 📌 Save & share with your woodworking friends! #diyfurniture #woodworkingplans #diywoodworking #furnitureplans #handmadefurniture #woodwork #buildyourown #diyprojects ",https://eleswooddesigns.com/products/wall-mounted-wine-rack-plans-rustic-wood-shelf-glass-holder-pdf-download/,https://i.etsystatic.com/53333782/r/il/bcefea/7954232040/il_fullxfull.7954232040_ms2c.jpg,Woodworking Projects for Beginners
DIY Farmstand Plans PDF | Mobile Market Stand Blueprint (Digital Download) | Step-by-Step PDF,"Turn your harvest, homebaked goods, or fresh-cut flowers into a steady income stream — right from your own driveway. These DIY Farmstand Plans PDF give you a complete woodworking blueprint for a profe ✅ Includes: farmstand_plans | roadside_stand_plans | farm_stand_pdf. Instant PDF download — Medium friendly. #diygarden #gardenproject #raisedbed #gardenbed #gardendesign #diygardenbed #backyardgarden #vegetablegarden #woodworkingplans #diywoodworking #gardenideas #outdoorgarden #gardenbed #planter",https://eleswooddesigns.com/products/diy-farmstand-plans-pdf-mobile-market-stand-blueprint-digital-download/,https://eleswooddesigns.com/api/pin/diy-farmstand-plans-pdf-mobile-market-stand-blueprint-digital-download/pin.jpg,DIY Garden Woodworking Plans
Build Your Own DIY Farmstand Plans PDF — Garden PDF Plans | Instant Download,"70% OFF TODAY ONLY! Turn your harvest, homebaked goods, or fresh-cut flowers into a steady income stream — right from your own driveway. These DIY Farmstand Plans PDF give you a complete woodworking blueprint for a profe Get the complete step-by-step woodworking blueprint for only $9.90. Instant digital download. 💛 Save this pin to build later! #diygarden #gardenproject #raisedbed #gardenbed #gardendesign #diygardenbed #backyardgarden #vegetablegarden #woodworkingplans #diywoodworking #gardenid",https://eleswooddesigns.com/products/diy-farmstand-plans-pdf-mobile-market-stand-blueprint-digital-download/,https://i.etsystatic.com/53333782/r/il/8e4772/8142476103/il_fullxfull.8142476103_lewv.jpg,DIY Woodworking Plans
DIY Farmstand Plans PDF Woodworking Plans — Only $9.90 | Beginner Friendly PDF,"This DIY project is one of our most-saved pins! Turn your harvest, homebaked goods, or fresh-cut flowers into a steady income stream — right from your own driveway. These DIY Farmstand Plans PDF give you a complete woodworking blueprint for a profe Download the full plans for $9.90 — includes cut list, 3D diagrams & material list. 📌 Save & share with your woodworking friends! #diygarden #gardenproject #raisedbed #gardenbed #gardendesign #diygardenbed #backyardgarden #vegetablegarden #woodworkin",https://eleswooddesigns.com/products/diy-farmstand-plans-pdf-mobile-market-stand-blueprint-digital-download/,https://i.etsystatic.com/53333782/r/il/48b06b/8142491131/il_fullxfull.8142491131_p7s8.jpg,Garden Ideas & Projects
"DIY Foldable Checkout Stand Plans: Portable Coffee Cart, Vendor Kiosk (PDF) | Step-by-Step PDF","Bring your brand to life anywhere with this DIY Foldable Checkout Stand Plan — the perfect portable setup for markets, pop-ups, cafés, and retail displays. Whether you’re running a cozy coffee cart, a ✅ Includes: Portable_Checkout | Collapsible_Stand | Vendor_Kiosk. Instant PDF download — Easy friendly. #outdoorfurniture #backyardideas #diyoutdoor #pergolaplans #deckideas #patio #outdoorliving #backyard #diywoodworking #woodworkingplans #outdoordiy #gardendesign #deckdecor #patiodesign #backyard",https://eleswooddesigns.com/products/diy-foldable-checkout-stand-plans-portable-coffee-cart-vendor-kiosk-pdf/,https://eleswooddesigns.com/api/pin/diy-foldable-checkout-stand-plans-portable-coffee-cart-vendor-kiosk-pdf/pin.jpg,DIY Outdoor Woodworking Plans
Build Your Own DIY Foldable Checkout Stand Plans — Outdoor PDF Plans | Instant Download,"70% OFF TODAY ONLY! Bring your brand to life anywhere with this DIY Foldable Checkout Stand Plan — the perfect portable setup for markets, pop-ups, cafés, and retail displays. Whether you’re running a cozy coffee cart, a Get the complete step-by-step woodworking blueprint for only $4.65. Instant digital download. 💛 Save this pin to build later! #outdoorfurniture #backyardideas #diyoutdoor #pergolaplans #deckideas #patio #outdoorliving #backyard #diywoodworking #woodworkingplans #outdoordiy #gar",https://eleswooddesigns.com/products/diy-foldable-checkout-stand-plans-portable-coffee-cart-vendor-kiosk-pdf/,https://i.etsystatic.com/53333782/r/il/488b90/7236623928/il_fullxfull.7236623928_4a78.jpg,DIY Woodworking Plans
DIY Foldable Checkout Stand Plans Woodworking Plans — Only $4.65 | Beginner Friendly PDF,"This DIY project is one of our most-saved pins! Bring your brand to life anywhere with this DIY Foldable Checkout Stand Plan — the perfect portable setup for markets, pop-ups, cafés, and retail displays. Whether you’re running a cozy coffee cart, a Download the full plans for $4.65 — includes cut list, 3D diagrams & material list. 📌 Save & share with your woodworking friends! #outdoorfurniture #backyardideas #diyoutdoor #pergolaplans #deckideas #patio #outdoorliving #backyard #diywoodworking #w",https://eleswooddesigns.com/products/diy-foldable-checkout-stand-plans-portable-coffee-cart-vendor-kiosk-pdf/,https://i.etsystatic.com/53333782/r/il/880374/7236624012/il_fullxfull.7236624012_6k56.jpg,Backyard DIY Projects
Custom Memorial Portrait From Photos | Combine Loved Ones (Digital File) | Step-by-Step PDF,"Celebrate and preserve the memory of someone meaningful with a personalized digital family portrait. I carefully merge individual photos into one realistic and emotional image, ideal for honoring a lo ✅ Includes: add_passed_away | add_person_to_photo | combine_photos. Instant PDF download — Easy friendly. #printable #instantdownload #digitaldowload #diycraft #homedecor #printabledecor #diyprintable #freeprintable #partyprintable #digitalcraft #craftideas #papercraft #printabledesign #homedecorat",https://eleswooddesigns.com/products/custom-memorial-portrait-from-photos-combine-loved-ones-digital-file/,https://eleswooddesigns.com/api/pin/custom-memorial-portrait-from-photos-combine-loved-ones-digital-file/pin.jpg,Printable Games & Digital Crafts
Build Your Own Custom Memorial Portrait From Photos — Digital PDF Plans | Instant Download,"70% OFF TODAY ONLY! Celebrate and preserve the memory of someone meaningful with a personalized digital family portrait. I carefully merge individual photos into one realistic and emotional image, ideal for honoring a lo Get the complete step-by-step woodworking blueprint for only $7.50. Instant digital download. 💛 Save this pin to build later! #printable #instantdownload #digitaldowload #diycraft #homedecor #printabledecor #diyprintable #freeprintable #partyprintable #digitalcraft #craftideas ",https://eleswooddesigns.com/products/custom-memorial-portrait-from-photos-combine-loved-ones-digital-file/,https://i.etsystatic.com/53333782/r/il/78c6c7/7642432909/il_fullxfull.7642432909_pi09.jpg,DIY Woodworking Plans
Custom Memorial Portrait From Photos Woodworking Plans — Only $7.50 | Beginner Friendly PDF,"This DIY project is one of our most-saved pins! Celebrate and preserve the memory of someone meaningful with a personalized digital family portrait. I carefully merge individual photos into one realistic and emotional image, ideal for honoring a lo Download the full plans for $7.50 — includes cut list, 3D diagrams & material list. 📌 Save & share with your woodworking friends! #printable #instantdownload #digitaldowload #diycraft #homedecor #printabledecor #diyprintable #freeprintable #partyprin",https://eleswooddesigns.com/products/custom-memorial-portrait-from-photos-combine-loved-ones-digital-file/,https://i.etsystatic.com/53333782/r/il/6ead7d/7642432853/il_fullxfull.7642432853_7681.jpg,Instant Download Printables
DIY 27 Gallon Tote Rack Plans PDF | Garage Storage Bin Rack Blueprint | 10-Tote Sliding Ra | Step-by,Stop stacking bins and start sliding them out. This DIY 27 Gallon Tote Rack Plans PDF gives you a complete woodworking blueprint for a heavy-duty 10-tote sliding rail storage system — specifically des ✅ Includes: 27_gallon_tote_rack | tote_storage_plans | diy_tote_rack. Instant PDF download — Easy friendly. #printable #instantdownload #digitaldowload #diycraft #homedecor #printabledecor #diyprintable #freeprintable #partyprintable #digitalcraft #craftideas #papercraft #printabledesign #homedecor,https://eleswooddesigns.com/products/diy-27-gallon-tote-rack-plans-pdf-garage-storage-bin-rack-blueprint-10-tote-sliding-rail-system-woodworking-plans/,https://eleswooddesigns.com/api/pin/diy-27-gallon-tote-rack-plans-pdf-garage-storage-bin-rack-blueprint-10-tote-sliding-rail-system-woodworking-plans/pin.jpg,Printable Games & Digital Crafts
Build Your Own DIY 27 Gallon Tote Rack Plans PDF — Digital PDF Plans | Instant Download,70% OFF TODAY ONLY! Stop stacking bins and start sliding them out. This DIY 27 Gallon Tote Rack Plans PDF gives you a complete woodworking blueprint for a heavy-duty 10-tote sliding rail storage system — specifically des Get the complete step-by-step woodworking blueprint for only $3.00. Instant digital download. 💛 Save this pin to build later! #printable #instantdownload #digitaldowload #diycraft #homedecor #printabledecor #diyprintable #freeprintable #partyprintable #digitalcraft #craftideas ,https://eleswooddesigns.com/products/diy-27-gallon-tote-rack-plans-pdf-garage-storage-bin-rack-blueprint-10-tote-sliding-rail-system-woodworking-plans/,https://i.etsystatic.com/53333782/r/il/01f66d/8117002820/il_fullxfull.8117002820_pawy.jpg,DIY Woodworking Plans
DIY 27 Gallon Tote Rack Plans PDF Woodworking Plans — Only $3.00 | Beginner Friendly PDF,"This DIY project is one of our most-saved pins! Stop stacking bins and start sliding them out. This DIY 27 Gallon Tote Rack Plans PDF gives you a complete woodworking blueprint for a heavy-duty 10-tote sliding rail storage system — specifically des Download the full plans for $3.00 — includes cut list, 3D diagrams & material list. 📌 Save & share with your woodworking friends! #printable #instantdownload #digitaldowload #diycraft #homedecor #printabledecor #diyprintable #freeprintable #partyprin",https://eleswooddesigns.com/products/diy-27-gallon-tote-rack-plans-pdf-garage-storage-bin-rack-blueprint-10-tote-sliding-rail-system-woodworking-plans/,https://i.etsystatic.com/53333782/r/il/ba62f2/8164909511/il_fullxfull.8164909511_m960.jpg,Instant Download Printables
"Wholesale Club Employee of the Month Sign, Photo Booth Prop (Digital Download) | Step-by-Step PDF","Bring the fun and charm of Costco to your next event! This Costco Employee of the Month printable sign is the perfect centerpiece for any Costco-themed party decor, whether it’s a Costco trunk or trea ✅ Includes: costco_party_decor | costco_employee | costco_trunk. Instant PDF download — Easy friendly. #printable #instantdownload #digitaldowload #diycraft #homedecor #printabledecor #diyprintable #freeprintable #partyprintable #digitalcraft #craftideas #papercraft #printabledesign #homedecoration",https://eleswooddesigns.com/products/wholesale-club-employee-of-the-month-sign-photo-booth-prop-digital-download/,https://eleswooddesigns.com/api/pin/wholesale-club-employee-of-the-month-sign-photo-booth-prop-digital-download/pin.jpg,Printable Games & Digital Crafts
"Build Your Own Wholesale Club Employee of the Month Sign, Photo Booth Prop  — Digital PDF Plans | In","70% OFF TODAY ONLY! Bring the fun and charm of Costco to your next event! This Costco Employee of the Month printable sign is the perfect centerpiece for any Costco-themed party decor, whether it’s a Costco trunk or trea Get the complete step-by-step woodworking blueprint for only $1.80. Instant digital download. 💛 Save this pin to build later! #printable #instantdownload #digitaldowload #diycraft #homedecor #printabledecor #diyprintable #freeprintable #partyprintable #digitalcraft #craftideas ",https://eleswooddesigns.com/products/wholesale-club-employee-of-the-month-sign-photo-booth-prop-digital-download/,https://i.etsystatic.com/53333782/r/il/9aac05/7392518189/il_fullxfull.7392518189_dyc5.jpg,DIY Woodworking Plans
"Wholesale Club Employee of the Month Sign, Photo Booth Prop  Woodworking Plans — Only $1.80 | Beginn","This DIY project is one of our most-saved pins! Bring the fun and charm of Costco to your next event! This Costco Employee of the Month printable sign is the perfect centerpiece for any Costco-themed party decor, whether it’s a Costco trunk or trea Download the full plans for $1.80 — includes cut list, 3D diagrams & material list. 📌 Save & share with your woodworking friends! #printable #instantdownload #digitaldowload #diycraft #homedecor #printabledecor #diyprintable #freeprintable #partyprin",https://eleswooddesigns.com/products/wholesale-club-employee-of-the-month-sign-photo-booth-prop-digital-download/,https://i.etsystatic.com/53333782/r/il/2bf6b5/7344586924/il_fullxfull.7344586924_guv6.jpg,Instant Download Printables
"Custom Pencil Sketch Portrait – Family, Couple, Pet Art (Digital Download) | Step-by-Step PDF","Looking for a truly meaningful and personal gift? I transform your photos into high-quality, realistic pencil sketch portraits that capture emotion, personality, and precious memories. Whether it’s a  ✅ Includes: custom_sketch_art | photo_to_sketch | sketch_portrait. Instant PDF download — Easy friendly. #printable #instantdownload #digitaldowload #diycraft #homedecor #printabledecor #diyprintable #freeprintable #partyprintable #digitalcraft #craftideas #papercraft #printabledesign #homedecorati",https://eleswooddesigns.com/products/custom-pencil-sketch-portrait-family-couple-pet-art-digital-download/,https://eleswooddesigns.com/api/pin/custom-pencil-sketch-portrait-family-couple-pet-art-digital-download/pin.jpg,Printable Games & Digital Crafts
"Build Your Own Custom Pencil Sketch Portrait – Family, Couple, Pet Art (Dig — Digital PDF Plans | In","70% OFF TODAY ONLY! Looking for a truly meaningful and personal gift? I transform your photos into high-quality, realistic pencil sketch portraits that capture emotion, personality, and precious memories. Whether it’s a  Get the complete step-by-step woodworking blueprint for only $7.50. Instant digital download. 💛 Save this pin to build later! #printable #instantdownload #digitaldowload #diycraft #homedecor #printabledecor #diyprintable #freeprintable #partyprintable #digitalcraft #craftideas ",https://eleswooddesigns.com/products/custom-pencil-sketch-portrait-family-couple-pet-art-digital-download/,https://i.etsystatic.com/53333782/r/il/3a0192/7597085936/il_fullxfull.7597085936_g3a1.jpg,DIY Woodworking Plans
"Custom Pencil Sketch Portrait – Family, Couple, Pet Art (Dig Woodworking Plans — Only $7.50 | Beginn","This DIY project is one of our most-saved pins! Looking for a truly meaningful and personal gift? I transform your photos into high-quality, realistic pencil sketch portraits that capture emotion, personality, and precious memories. Whether it’s a  Download the full plans for $7.50 — includes cut list, 3D diagrams & material list. 📌 Save & share with your woodworking friends! #printable #instantdownload #digitaldowload #diycraft #homedecor #printabledecor #diyprintable #freeprintable #partyprin",https://eleswooddesigns.com/products/custom-pencil-sketch-portrait-family-couple-pet-art-digital-download/,https://i.etsystatic.com/53333782/r/il/b3619c/7645032131/il_fullxfull.7645032131_2sqs.jpg,Instant Download Printables
DIY Modern Dog House Plans: Insulated Large Dog Kennel (Digital Download) | Step-by-Step PDF,"DIY Modern Dog House Plans – Build a Comfortable, Durable Outdoor Dog Condo for Your Big Dog! Give your large dog the dream home they deserve! This modern, insulated doghouse plan guides you step-by-s ✅ Includes: Xl_Dog_House_Diy | Black_Dog_House | Wood_Dog_House. Instant PDF download — Easy friendly. #outdoorfurniture #backyardideas #diyoutdoor #pergolaplans #deckideas #patio #outdoorliving #backyard #diywoodworking #woodworkingplans #outdoordiy #gardendesign #deckdecor #patiodesign #backyardd",https://eleswooddesigns.com/products/diy-modern-dog-house-plans-insulated-large-dog-kennel-digital-download/,https://eleswooddesigns.com/api/pin/diy-modern-dog-house-plans-insulated-large-dog-kennel-digital-download/pin.jpg,DIY Outdoor Woodworking Plans
Build Your Own DIY Modern Dog House Plans — Outdoor PDF Plans | Instant Download,"70% OFF TODAY ONLY! DIY Modern Dog House Plans – Build a Comfortable, Durable Outdoor Dog Condo for Your Big Dog! Give your large dog the dream home they deserve! This modern, insulated doghouse plan guides you step-by-s Get the complete step-by-step woodworking blueprint for only $5.00. Instant digital download. 💛 Save this pin to build later! #outdoorfurniture #backyardideas #diyoutdoor #pergolaplans #deckideas #patio #outdoorliving #backyard #diywoodworking #woodworkingplans #outdoordiy #gar",https://eleswooddesigns.com/products/diy-modern-dog-house-plans-insulated-large-dog-kennel-digital-download/,https://i.etsystatic.com/53333782/r/il/7cc023/7294017899/il_fullxfull.7294017899_gi2l.jpg,DIY Woodworking Plans
DIY Modern Dog House Plans Woodworking Plans — Only $5.00 | Beginner Friendly PDF,"This DIY project is one of our most-saved pins! DIY Modern Dog House Plans – Build a Comfortable, Durable Outdoor Dog Condo for Your Big Dog! Give your large dog the dream home they deserve! This modern, insulated doghouse plan guides you step-by-s Download the full plans for $5.00 — includes cut list, 3D diagrams & material list. 📌 Save & share with your woodworking friends! #outdoorfurniture #backyardideas #diyoutdoor #pergolaplans #deckideas #patio #outdoorliving #backyard #diywoodworking #w",https://eleswooddesigns.com/products/diy-modern-dog-house-plans-insulated-large-dog-kennel-digital-download/,https://i.etsystatic.com/53333782/r/il/27a757/7294017943/il_fullxfull.7294017943_sekf.jpg,Backyard DIY Projects
Custom Memorial Portrait – Add Deceased Loved One to Photo (Digital File) | Step-by-Step PDF,Photo Merge or Add People to Photo Add Deceased Loved One to Picture | Loved One Portrait | Family Photo Collage | Memorial Digital Art Some memories deserve to be together — even if they were never c ✅ Includes: Add_Loved_One | Loss_of_Father_Mom | Deceased_Person_Gift. Instant PDF download — Easy friendly. #printable #instantdownload #digitaldowload #diycraft #homedecor #printabledecor #diyprintable #freeprintable #partyprintable #digitalcraft #craftideas #papercraft #printabledesign #homedeco,https://eleswooddesigns.com/products/custom-memorial-portrait-add-deceased-loved-one-to-photo-digital-file/,https://eleswooddesigns.com/api/pin/custom-memorial-portrait-add-deceased-loved-one-to-photo-digital-file/pin.jpg,Printable Games & Digital Crafts
Build Your Own Custom Memorial Portrait – Add Deceased Loved One to Photo ( — Digital PDF Plans | In,70% OFF TODAY ONLY! Photo Merge or Add People to Photo Add Deceased Loved One to Picture | Loved One Portrait | Family Photo Collage | Memorial Digital Art Some memories deserve to be together — even if they were never c Get the complete step-by-step woodworking blueprint for only $9.00. Instant digital download. 💛 Save this pin to build later! #printable #instantdownload #digitaldowload #diycraft #homedecor #printabledecor #diyprintable #freeprintable #partyprintable #digitalcraft #craftideas ,https://eleswooddesigns.com/products/custom-memorial-portrait-add-deceased-loved-one-to-photo-digital-file/,https://i.etsystatic.com/53333782/r/il/afa8b6/7617905976/il_fullxfull.7617905976_limk.jpg,DIY Woodworking Plans
Custom Memorial Portrait – Add Deceased Loved One to Photo ( Woodworking Plans — Only $9.00 | Beginn,"This DIY project is one of our most-saved pins! Photo Merge or Add People to Photo Add Deceased Loved One to Picture | Loved One Portrait | Family Photo Collage | Memorial Digital Art Some memories deserve to be together — even if they were never c Download the full plans for $9.00 — includes cut list, 3D diagrams & material list. 📌 Save & share with your woodworking friends! #printable #instantdownload #digitaldowload #diycraft #homedecor #printabledecor #diyprintable #freeprintable #partyprin",https://eleswooddesigns.com/products/custom-memorial-portrait-add-deceased-loved-one-to-photo-digital-file/,https://i.etsystatic.com/53333782/r/il/e4bb59/7665847499/il_fullxfull.7665847499_lvpi.jpg,Instant Download Printables
Modern Storage Bench Plan: DIY Wooden Chest (PDF) | Step-by-Step PDF,DIY Modern Storage Bench / Wooden Chest Plan (PDF Download) Add both style and practicality to your home with this Modern Wooden Storage Bench Plan! This digital woodworking plan helps you build a cle ✅ Includes: Storage_Bench_Plan | chest | woodworking_plans. Instant PDF download — Easy friendly. #diyfurniture #woodworkingplans #diywoodworking #furnitureplans #handmadefurniture #woodwork #buildyourown #diyprojects #homemade #woodworking #furnitureideas #diyhome #woodworkingproject #craftsman #r,https://eleswooddesigns.com/products/modern-storage-bench-plan-diy-wooden-chest-pdf/,https://eleswooddesigns.com/api/pin/modern-storage-bench-plan-diy-wooden-chest-pdf/pin.jpg,DIY Woodworking Plans
Build Your Own Modern Storage Bench Plan — Furniture PDF Plans | Instant Download,70% OFF TODAY ONLY! DIY Modern Storage Bench / Wooden Chest Plan (PDF Download) Add both style and practicality to your home with this Modern Wooden Storage Bench Plan! This digital woodworking plan helps you build a cle Get the complete step-by-step woodworking blueprint for only $3.75. Instant digital download. 💛 Save this pin to build later! #diyfurniture #woodworkingplans #diywoodworking #furnitureplans #handmadefurniture #woodwork #buildyourown #diyprojects #homemade #woodworking #furnitur,https://eleswooddesigns.com/products/modern-storage-bench-plan-diy-wooden-chest-pdf/,https://i.etsystatic.com/53333782/r/il/3f2b96/7305600775/il_fullxfull.7305600775_l2wh.jpg,DIY Furniture Plans
Modern Storage Bench Plan Woodworking Plans — Only $3.75 | Beginner Friendly PDF,"This DIY project is one of our most-saved pins! DIY Modern Storage Bench / Wooden Chest Plan (PDF Download) Add both style and practicality to your home with this Modern Wooden Storage Bench Plan! This digital woodworking plan helps you build a cle Download the full plans for $3.75 — includes cut list, 3D diagrams & material list. 📌 Save & share with your woodworking friends! #diyfurniture #woodworkingplans #diywoodworking #furnitureplans #handmadefurniture #woodwork #buildyourown #diyprojects ",https://eleswooddesigns.com/products/modern-storage-bench-plan-diy-wooden-chest-pdf/,https://i.etsystatic.com/53333782/r/il/b3f32b/7257653032/il_fullxfull.7257653032_7hmj.jpg,Woodworking Projects for Beginners
Tall Outdoor Storage Cabinet Plans | Garden Tool Shed Blueprint (PDF Download) | Step-by-Step PDF,Stop hiding clutter behind a fence that doesn't fool anyone. These DIY Outdoor Storage Cabinet Plans PDF give you a complete woodworking blueprint for a massive 10-foot tall slatted wooden storage clo ✅ Includes: outdoor_cabinet | tall_outdoor_shed | storage_cabinet_diy. Instant PDF download — Easy friendly. #diyfurniture #woodworkingplans #diywoodworking #furnitureplans #handmadefurniture #woodwork #buildyourown #diyprojects #homemade #woodworking #furnitureideas #diyhome #woodworkingproject #c,https://eleswooddesigns.com/products/tall-outdoor-storage-cabinet-plans-garden-tool-shed-blueprint-pdf-download/,https://eleswooddesigns.com/api/pin/tall-outdoor-storage-cabinet-plans-garden-tool-shed-blueprint-pdf-download/pin.jpg,DIY Woodworking Plans
Build Your Own Tall Outdoor Storage Cabinet Plans — Furniture PDF Plans | Instant Download,70% OFF TODAY ONLY! Stop hiding clutter behind a fence that doesn't fool anyone. These DIY Outdoor Storage Cabinet Plans PDF give you a complete woodworking blueprint for a massive 10-foot tall slatted wooden storage clo Get the complete step-by-step woodworking blueprint for only $5.40. Instant digital download. 💛 Save this pin to build later! #diyfurniture #woodworkingplans #diywoodworking #furnitureplans #handmadefurniture #woodwork #buildyourown #diyprojects #homemade #woodworking #furnitur,https://eleswooddesigns.com/products/tall-outdoor-storage-cabinet-plans-garden-tool-shed-blueprint-pdf-download/,https://i.etsystatic.com/53333782/r/il/e60b73/8120654079/il_fullxfull.8120654079_nw95.jpg,DIY Furniture Plans
Tall Outdoor Storage Cabinet Plans Woodworking Plans — Only $5.40 | Beginner Friendly PDF,"This DIY project is one of our most-saved pins! Stop hiding clutter behind a fence that doesn't fool anyone. These DIY Outdoor Storage Cabinet Plans PDF give you a complete woodworking blueprint for a massive 10-foot tall slatted wooden storage clo Download the full plans for $5.40 — includes cut list, 3D diagrams & material list. 📌 Save & share with your woodworking friends! #diyfurniture #woodworkingplans #diywoodworking #furnitureplans #handmadefurniture #woodwork #buildyourown #diyprojects ",https://eleswooddesigns.com/products/tall-outdoor-storage-cabinet-plans-garden-tool-shed-blueprint-pdf-download/,https://i.etsystatic.com/53333782/r/il/978b62/8072734904/il_fullxfull.8072734904_kbzd.jpg,Woodworking Projects for Beginners
Kids Mud Kitchen Woodworking Plans | Outdoor Play Station Blueprint (PDF Download) | Step-by-Step PD,Give your toddler or child the outdoor play station they'll choose over screens every single time. These Kids Mud Kitchen Woodworking Plans PDF give you a complete printable blueprint for a durable ou ✅ Includes: mud_kitchen_plans | outdoor_mud_kitchen | diy_mud_kitchen. Instant PDF download — Easy friendly. #kidsfurniture #diykids #playhouse #treehouse #kidsroom #outdoorplay #kidsdiy #familyproject #diywoodworking #woodworkingplans #childrensfurniture #playroom #kidsoutdoor #backyardplay #kidsc,https://eleswooddesigns.com/products/kids-mud-kitchen-woodworking-plans-outdoor-play-station-blueprint-pdf-download/,https://eleswooddesigns.com/api/pin/kids-mud-kitchen-woodworking-plans-outdoor-play-station-blueprint-pdf-download/pin.jpg,DIY Kids Woodworking Plans
Build Your Own Kids Mud Kitchen Woodworking Plans — Kids PDF Plans | Instant Download,70% OFF TODAY ONLY! Give your toddler or child the outdoor play station they'll choose over screens every single time. These Kids Mud Kitchen Woodworking Plans PDF give you a complete printable blueprint for a durable ou Get the complete step-by-step woodworking blueprint for only $6.60. Instant digital download. 💛 Save this pin to build later! #kidsfurniture #diykids #playhouse #treehouse #kidsroom #outdoorplay #kidsdiy #familyproject #diywoodworking #woodworkingplans #childrensfurniture #play,https://eleswooddesigns.com/products/kids-mud-kitchen-woodworking-plans-outdoor-play-station-blueprint-pdf-download/,https://i.etsystatic.com/53333782/r/il/6b2d36/8107671791/il_fullxfull.8107671791_b4qu.jpg,DIY Woodworking Plans
Kids Mud Kitchen Woodworking Plans Woodworking Plans — Only $6.60 | Beginner Friendly PDF,"This DIY project is one of our most-saved pins! Give your toddler or child the outdoor play station they'll choose over screens every single time. These Kids Mud Kitchen Woodworking Plans PDF give you a complete printable blueprint for a durable ou Download the full plans for $6.60 — includes cut list, 3D diagrams & material list. 📌 Save & share with your woodworking friends! #kidsfurniture #diykids #playhouse #treehouse #kidsroom #outdoorplay #kidsdiy #familyproject #diywoodworking #woodworkin",https://eleswooddesigns.com/products/kids-mud-kitchen-woodworking-plans-outdoor-play-station-blueprint-pdf-download/,https://i.etsystatic.com/53333782/r/il/245b7f/8107672029/il_fullxfull.8107672029_j657.jpg,Kids Outdoor Play Ideas
"Custom Couple Portrait – Romantic Pencil Sketch, Valentine's Gift (Digital Download) | Step-by-Step ","Celebrate love with a custom pencil portrait from photo, created as a romantic and timeless Valentine’s Day gift. This personalized couple sketch art turns your favorite memory into elegant digital po ✅ Includes: valentines_day_gift | valentine_portrait | couple_sketch_art. Instant PDF download — Easy friendly. #printable #instantdownload #digitaldowload #diycraft #homedecor #printabledecor #diyprintable #freeprintable #partyprintable #digitalcraft #craftideas #papercraft #printabledesign #homed",https://eleswooddesigns.com/products/custom-couple-portrait-romantic-pencil-sketch-valentines-gift-digital-download/,https://eleswooddesigns.com/api/pin/custom-couple-portrait-romantic-pencil-sketch-valentines-gift-digital-download/pin.jpg,Printable Games & Digital Crafts
"Build Your Own Custom Couple Portrait – Romantic Pencil Sketch, Valentine's — Digital PDF Plans | In","70% OFF TODAY ONLY! Celebrate love with a custom pencil portrait from photo, created as a romantic and timeless Valentine’s Day gift. This personalized couple sketch art turns your favorite memory into elegant digital po Get the complete step-by-step woodworking blueprint for only $6.00. Instant digital download. 💛 Save this pin to build later! #printable #instantdownload #digitaldowload #diycraft #homedecor #printabledecor #diyprintable #freeprintable #partyprintable #digitalcraft #craftideas ",https://eleswooddesigns.com/products/custom-couple-portrait-romantic-pencil-sketch-valentines-gift-digital-download/,https://i.etsystatic.com/53333782/r/il/746f40/7645034209/il_fullxfull.7645034209_b5fq.jpg,DIY Woodworking Plans
"Custom Couple Portrait – Romantic Pencil Sketch, Valentine's Woodworking Plans — Only $6.00 | Beginn","This DIY project is one of our most-saved pins! Celebrate love with a custom pencil portrait from photo, created as a romantic and timeless Valentine’s Day gift. This personalized couple sketch art turns your favorite memory into elegant digital po Download the full plans for $6.00 — includes cut list, 3D diagrams & material list. 📌 Save & share with your woodworking friends! #printable #instantdownload #digitaldowload #diycraft #homedecor #printabledecor #diyprintable #freeprintable #partyprin",https://eleswooddesigns.com/products/custom-couple-portrait-romantic-pencil-sketch-valentines-gift-digital-download/,https://i.etsystatic.com/53333782/r/il/ce3c98/7645034217/il_fullxfull.7645034217_162s.jpg,Instant Download Printables
DIY Farmstand Plans | Mobile Market Stall Woodworking Build Guide (PDF Download) | Step-by-Step PDF,Build Your Dream Farmstand — Step-by-Step DIY Plans Included! Ready to launch your roadside business or farmers market stand? Our premium DIY farmstand plans PDF gives you everything you need to build ✅ Includes: farmstand_plan | farmers_market_stand | roadside_stand. Instant PDF download — Easy friendly. #diygarden #gardenproject #raisedbed #gardenbed #gardendesign #diygardenbed #backyardgarden #vegetablegarden #woodworkingplans #diywoodworking #gardenideas #outdoorgarden #gardenbed #planter #d,https://eleswooddesigns.com/products/diy-farmstand-plans-mobile-market-stall-woodworking-build-guide-pdf-download/,https://eleswooddesigns.com/api/pin/diy-farmstand-plans-mobile-market-stall-woodworking-build-guide-pdf-download/pin.jpg,DIY Garden Woodworking Plans
Build Your Own DIY Farmstand Plans — Garden PDF Plans | Instant Download,70% OFF TODAY ONLY! Build Your Dream Farmstand — Step-by-Step DIY Plans Included! Ready to launch your roadside business or farmers market stand? Our premium DIY farmstand plans PDF gives you everything you need to build Get the complete step-by-step woodworking blueprint for only $6.90. Instant digital download. 💛 Save this pin to build later! #diygarden #gardenproject #raisedbed #gardenbed #gardendesign #diygardenbed #backyardgarden #vegetablegarden #woodworkingplans #diywoodworking #gardenid,https://eleswooddesigns.com/products/diy-farmstand-plans-mobile-market-stall-woodworking-build-guide-pdf-download/,https://i.etsystatic.com/53333782/r/il/3ebb15/7855338361/il_fullxfull.7855338361_3m7w.jpg,DIY Woodworking Plans
DIY Farmstand Plans Woodworking Plans — Only $6.90 | Beginner Friendly PDF,"This DIY project is one of our most-saved pins! Build Your Dream Farmstand — Step-by-Step DIY Plans Included! Ready to launch your roadside business or farmers market stand? Our premium DIY farmstand plans PDF gives you everything you need to build Download the full plans for $6.90 — includes cut list, 3D diagrams & material list. 📌 Save & share with your woodworking friends! #diygarden #gardenproject #raisedbed #gardenbed #gardendesign #diygardenbed #backyardgarden #vegetablegarden #woodworkin",https://eleswooddesigns.com/products/diy-farmstand-plans-mobile-market-stall-woodworking-build-guide-pdf-download/,https://i.etsystatic.com/53333782/r/il/2f4f6e/7855338379/il_fullxfull.7855338379_ly2q.jpg,Garden Ideas & Projects